open_date,open,high,low,close,volume_base
2020-04-03 09:30:00,40.36,40.59,38.56,39.61,1927679
2020-04-06 09:30:00,43.36,44.14,43.02,43.82,967806
2020-04-07 09:30:00,41.65,43.35,40.71,42.64,992231
2020-04-08 09:30:00,38.94,40.5,38.84,39.93,2843011
2020-04-09 09:30:00,40.67,42.22,40.59,41.67,1968025
2020-04-13 09:30:00,44.83,44.9,43.82,44.0,868794
2020-04-14 09:30:00,42.35,42.56,41.65,42.51,1196117
2020-04-15 09:30:00,40.77,41.37,40.18,41.02,870814
2020-04-16 09:30:00,40.66,42.81,40.6,41.78,806416
2020-04-17 09:30:00,43.36,44.59,42.99,44.42,1292086
2020-04-20 09:30:00,41.51,43.26,41.42,42.6,564445
2020-04-21 09:30:00,41.05,43.03,41.05,42.69,652361
2020-04-22 09:30:00,43.64,45.71,43.36,44.22,1388119
2020-04-23 09:30:00,43.76,44.23,43.51,43.96,651285
2020-04-24 09:30:00,44.3,44.74,43.6,43.7,594553
2020-04-27 09:30:00,44.35,44.83,44.07,44.54,543500
2020-04-28 09:30:00,45.18,47.0,45.18,45.75,801129
2020-04-29 09:30:00,46.84,47.72,46.25,47.4,511248
2020-04-30 09:30:00,47.02,47.6,46.59,47.07,344125
2020-05-01 09:30:00,46.36,46.61,44.57,44.65,428176
2020-05-04 09:30:00,45.06,45.65,43.83,44.43,378378
2020-05-05 09:30:00,45.69,46.72,45.59,46.1,363868
2020-05-06 09:30:00,44.84,45.2,44.41,44.87,187795
2020-05-07 09:30:00,45.22,48.19,45.19,47.65,812392
2020-05-08 09:30:00,48.08,49.67,48.07,49.67,340769
2020-05-11 09:30:00,47.97,48.19,47.75,47.85,454315
2020-05-12 09:30:00,48.15,48.24,47.51,47.54,239853
2020-05-13 09:30:00,45.35,46.24,45.2,46.18,391626
2020-05-14 09:30:00,43.83,44.25,43.82,43.82,386766
2020-05-15 09:30:00,43.57,44.88,43.54,44.28,301553
2020-05-18 09:30:00,46.24,47.2,46.24,46.72,460021
2020-05-19 09:30:00,47.65,47.98,47.1,47.36,148804
2020-05-20 09:30:00,48.48,50.46,48.48,49.67,666345
2020-05-21 09:30:00,48.52,49.53,48.41,49.46,362353
2020-05-22 09:30:00,48.58,48.82,48.07,48.46,358808
2020-05-26 09:30:00,49.11,50.0,49.08,49.22,591539
2020-05-27 09:30:00,47.77,47.96,47.02,47.49,789350
2020-05-28 09:30:00,49.02,49.03,47.97,48.32,465721
2020-05-29 09:30:00,46.77,47.42,46.53,46.58,567358
2020-06-01 09:30:00,48.57,48.97,48.26,48.9,229652
2020-06-02 09:30:00,50.15,50.7,49.92,50.7,142431
2020-06-03 09:30:00,50.83,50.93,50.52,50.66,223326
2020-06-04 09:30:00,51.21,52.47,51.21,52.06,444441
2020-06-05 09:30:00,53.55,53.7,51.86,51.96,454418
2020-06-08 09:30:00,54.36,55.81,54.04,55.46,300762
2020-06-09 09:30:00,55.93,55.96,54.86,55.01,405273
2020-06-10 09:30:00,56.13,56.45,55.76,56.0,231330
2020-06-11 09:30:00,51.86,52.81,51.59,52.81,296819
2020-06-12 09:30:00,53.46,54.62,53.29,53.82,220260
2020-06-15 09:30:00,50.48,51.34,49.85,51.28,263310
2020-06-16 09:30:00,55.04,55.17,54.29,54.64,303389
2020-06-17 09:30:00,53.82,53.86,53.18,53.47,195846
2020-06-18 09:30:00,52.27,52.64,52.08,52.52,127694
2020-06-19 09:30:00,54.6,54.6,53.57,54.39,609747
2020-06-22 09:30:00,52.67,53.7,52.45,53.67,157469
2020-06-23 09:30:00,53.42,53.59,52.87,53.28,150212
2020-06-24 09:30:00,52.01,52.76,51.91,52.36,141044
2020-06-25 09:30:00,51.09,51.51,50.71,51.46,275227
2020-06-26 09:30:00,52.07,52.3,51.42,51.57,122313
2020-06-29 09:30:00,51.76,52.18,51.24,51.61,205603
2020-06-30 09:30:00,51.83,51.99,51.41,51.67,119077
2020-07-01 09:30:00,52.78,52.78,51.79,51.84,364147
2020-07-02 09:30:00,52.32,53.01,52.07,52.49,227295
2020-07-06 09:30:00,53.14,53.32,52.96,53.19,167725
2020-07-07 09:30:00,52.26,52.5,51.97,52.37,137559
2020-07-08 09:30:00,52.81,52.92,52.11,52.32,1310491
2020-07-09 09:30:00,52.66,53.24,52.64,53.17,163525
2020-07-10 09:30:00,52.07,52.64,52.03,52.37,117543
2020-07-13 09:30:00,52.43,53.15,52.29,52.82,161942
2020-07-14 09:30:00,52.26,52.58,51.9,52.4,206431
2020-07-15 09:30:00,53.72,54.64,53.72,54.02,381840
2020-07-16 09:30:00,53.71,53.94,53.39,53.9,202596
2020-07-17 09:30:00,54.31,54.63,54.03,54.45,232004
2020-07-20 09:30:00,54.1,55.24,53.91,54.27,206673
2020-07-21 09:30:00,54.06,54.58,53.8,54.41,201831
2020-07-22 09:30:00,53.67,54.11,53.41,53.58,160983
2020-07-23 09:30:00,54.17,54.68,54.03,54.32,149572
2020-07-24 09:30:00,54.78,54.82,54.36,54.53,196407
2020-07-27 09:30:00,53.58,53.81,53.34,53.66,242605
2020-07-28 09:30:00,55.29,56.44,55.29,55.7,977994
2020-07-29 09:30:00,56.45,58.17,56.45,57.76,688674
2020-07-30 09:30:00,58.76,59.75,58.69,59.09,312758
2020-07-31 09:30:00,58.28,58.52,57.81,58.27,196382
2020-08-03 09:30:00,58.36,58.93,58.1,58.28,228320
2020-08-04 09:30:00,57.95,58.25,57.42,57.65,210622
2020-08-05 09:30:00,58.1,58.37,57.73,58.2,173649
2020-08-06 09:30:00,58.24,58.74,58.22,58.66,150356
2020-08-07 09:30:00,58.49,59.08,58.49,59.0,80653
2020-08-10 09:30:00,59.54,59.98,59.54,59.83,114460
2020-08-11 09:30:00,60.67,60.79,59.88,60.42,393045
2020-08-12 09:30:00,60.17,60.5,59.47,59.63,106348
2020-08-13 09:30:00,60.16,60.16,59.35,60.04,101444
2020-08-14 09:30:00,59.0,59.32,58.9,59.28,146520
2020-08-17 09:30:00,59.69,59.69,59.0,59.12,209584
2020-08-18 09:30:00,59.08,59.64,59.04,59.53,272402
2020-08-19 09:30:00,58.79,58.87,58.27,58.8,116017
2020-08-20 09:30:00,57.75,58.29,57.42,57.99,130563
2020-08-21 09:30:00,58.55,58.74,58.28,58.63,378652
2020-08-24 09:30:00,59.09,59.43,58.56,58.95,117494
2020-08-25 09:30:00,59.85,60.21,59.53,60.07,140922
2020-08-26 09:30:00,59.72,59.98,59.52,59.88,107150
2020-08-27 09:30:00,59.89,60.3,59.72,59.89,155959
2020-08-28 09:30:00,58.78,58.82,58.49,58.5,71920
2020-08-31 09:30:00,59.09,59.31,58.83,58.9,91990
2020-09-01 09:30:00,58.08,58.87,57.9,58.72,257337
2020-09-02 09:30:00,59.2,60.02,59.13,59.87,180628
2020-09-03 09:30:00,60.27,60.8,59.92,59.94,97873
2020-09-04 09:30:00,58.06,58.15,57.17,57.69,154763
2020-09-08 09:30:00,57.03,57.28,56.53,57.17,241236
2020-09-09 09:30:00,56.7,57.93,56.67,57.65,129711
2020-09-10 09:30:00,57.58,57.58,56.6,56.64,337848
2020-09-11 09:30:00,55.98,56.4,55.88,56.24,128532
2020-09-14 09:30:00,56.27,56.27,54.87,55.48,264330
2020-09-15 09:30:00,55.8,56.92,55.77,56.78,153371
2020-09-16 09:30:00,56.54,56.58,55.61,55.9,140350
2020-09-17 09:30:00,54.58,55.28,53.92,55.06,199420
2020-09-18 09:30:00,56.82,57.54,56.74,57.13,504390
2020-09-21 09:30:00,55.74,55.94,55.38,55.75,187621
2020-09-22 09:30:00,54.75,56.35,54.68,56.18,246992
2020-09-23 09:30:00,56.45,57.21,56.43,56.97,86639
2020-09-24 09:30:00,56.54,57.5,56.17,56.96,358751
2020-09-25 09:30:00,57.23,57.92,57.15,57.67,94428
2020-09-28 09:30:00,57.85,58.17,57.5,57.97,106045
2020-09-29 09:30:00,57.99,58.18,57.68,57.7,78752
2020-09-30 09:30:00,58.26,58.69,58.08,58.45,183806
2020-10-01 09:30:00,58.41,59.66,58.26,59.04,302451
2020-10-02 09:30:00,57.24,58.59,57.14,58.41,140842
2020-10-05 09:30:00,59.21,59.45,58.74,59.4,75735
2020-10-06 09:30:00,59.88,59.93,58.98,59.08,287039
2020-10-07 09:30:00,59.85,60.49,59.8,60.35,170578
2020-10-08 09:30:00,60.19,60.71,60.12,60.71,130666
2020-10-09 09:30:00,60.4,60.89,59.98,60.16,97110
2020-10-12 09:30:00,61.15,61.3,60.58,60.77,82686
2020-10-13 09:30:00,60.58,61.13,60.39,60.58,86675
2020-10-14 09:30:00,60.85,60.89,60.22,60.6,85495
2020-10-15 09:30:00,60.08,60.24,59.83,59.91,76493
2020-10-16 09:30:00,60.82,61.14,60.21,60.66,190019
2020-10-19 09:30:00,60.29,60.79,60.2,60.2,58337
2020-10-20 09:30:00,60.09,60.68,59.91,60.48,59654
2020-10-21 09:30:00,59.69,60.23,59.69,60.11,66549
2020-10-22 09:30:00,59.45,59.45,58.61,58.88,252938
2020-10-23 09:30:00,58.99,59.47,58.72,58.83,245676
2020-10-26 09:30:00,59.31,59.35,57.67,57.79,377177
2020-10-27 09:30:00,58.44,58.75,57.9,58.31,112236
2020-10-28 09:30:00,56.68,56.91,56.03,56.18,157240
2020-10-29 09:30:00,54.63,55.52,54.62,55.19,135110
2020-10-30 09:30:00,56.1,56.65,56.06,56.5,78996
2020-11-02 09:30:00,57.77,58.31,57.27,57.59,203415
2020-11-03 09:30:00,58.46,59.08,58.46,58.87,124928
2020-11-04 09:30:00,58.23,58.78,57.55,58.55,233540
2020-11-05 09:30:00,58.82,59.41,58.64,58.94,80995
2020-11-06 09:30:00,58.41,58.92,58.22,58.8,154735
2020-11-09 09:30:00,62.24,62.51,60.62,60.74,285943
2020-11-10 09:30:00,58.88,59.77,58.82,59.58,103673
2020-11-11 09:30:00,61.2,61.25,60.14,60.34,295193
2020-11-12 09:30:00,61.48,61.63,61.11,61.21,209979
2020-11-13 09:30:00,61.54,62.0,61.43,61.6,145498
2020-11-16 09:30:00,61.72,61.89,61.02,61.73,238133
2020-11-17 09:30:00,62.39,62.45,61.61,61.64,97349
2020-11-18 09:30:00,62.53,63.06,62.47,63.04,135094
2020-11-19 09:30:00,62.09,62.61,61.68,61.98,229784
2020-11-20 09:30:00,61.58,62.03,61.51,61.59,148217
2020-11-23 09:30:00,62.1,62.74,62.01,62.5,183361
2020-11-24 09:30:00,63.4,63.4,62.44,62.51,253007
2020-11-25 09:30:00,62.8,62.84,61.89,62.23,94112
2020-11-27 09:30:00,62.94,63.56,62.92,63.29,120222
2020-11-30 09:30:00,62.28,63.08,62.04,62.7,92240
2020-12-01 09:30:00,62.82,63.31,62.51,63.16,158628
2020-12-02 09:30:00,62.01,62.68,62.0,62.19,86062
2020-12-03 09:30:00,61.28,61.98,61.2,61.98,76170
2020-12-04 09:30:00,61.17,61.54,61.0,61.34,244818
2020-12-07 09:30:00,60.45,60.74,59.64,60.31,153536
2020-12-08 09:30:00,60.27,60.7,60.27,60.51,89192
2020-12-09 09:30:00,61.27,61.62,61.18,61.25,121769
2020-12-10 09:30:00,60.76,61.63,60.76,61.46,151943
2020-12-11 09:30:00,59.06,59.37,58.66,58.92,198310
2020-12-14 09:30:00,60.09,60.09,59.35,59.4,101229
2020-12-15 09:30:00,58.81,59.55,58.67,59.41,130342
2020-12-16 09:30:00,60.5,60.52,59.95,60.33,126284
2020-12-17 09:30:00,61.27,61.76,61.03,61.47,208755
2020-12-18 09:30:00,61.49,61.69,61.11,61.21,459856
2020-12-21 09:30:00,60.51,61.03,60.19,60.8,167233
2020-12-22 09:30:00,61.34,61.39,60.66,60.75,76581
2020-12-23 09:30:00,61.02,61.68,60.85,61.68,91222
2020-12-24 09:30:00,60.99,61.43,60.94,61.43,43121
2020-12-28 09:30:00,61.67,62.06,61.27,61.82,59054
2020-12-29 09:30:00,61.79,62.06,61.41,61.52,64154
2020-12-30 09:30:00,61.3,62.2,61.3,62.12,57989
2020-12-31 09:30:00,62.3,62.37,62.04,62.11,51729
2021-01-04 09:30:00,62.79,63.38,62.69,63.0,204668
2021-01-05 09:30:00,61.31,61.89,61.14,61.32,97445
2021-01-06 09:30:00,61.33,62.26,60.8,61.58,134510
2021-01-07 09:30:00,62.71,62.78,62.29,62.71,243482
2021-01-08 09:30:00,63.15,63.33,62.47,63.11,81815
2021-01-11 09:30:00,61.5,62.1,61.32,61.44,123864
2021-01-12 09:30:00,61.75,61.97,61.32,61.85,105978
2021-01-13 09:30:00,60.74,61.07,59.88,59.92,230700
2021-01-14 09:30:00,59.82,60.56,59.7,59.81,163990
2021-01-15 09:30:00,60.39,60.39,59.18,59.82,271113
2021-01-19 09:30:00,61.54,61.92,60.8,60.85,223792
2021-01-20 09:30:00,61.31,61.96,60.92,61.5,109141
2021-01-21 09:30:00,60.54,60.79,59.9,60.01,123357
2021-01-22 09:30:00,59.19,59.61,58.89,59.3,169305
2021-01-25 09:30:00,59.67,60.2,57.77,57.93,487895
2021-01-26 09:30:00,60.19,60.65,58.9,59.14,218052
2021-01-27 09:30:00,58.41,58.66,57.1,57.54,428545
2021-01-28 09:30:00,58.33,58.83,58.08,58.7,201403
2021-01-29 09:30:00,60.74,61.49,59.84,60.25,590320
2021-02-01 09:30:00,61.48,61.51,58.7,60.44,557495
2021-02-02 09:30:00,60.61,61.58,60.55,61.36,201044
2021-02-03 09:30:00,60.23,60.45,59.03,59.05,194788
2021-02-04 09:30:00,59.53,59.53,58.9,59.0,208997
2021-02-05 09:30:00,58.47,59.3,58.36,59.03,177527
2021-02-08 09:30:00,59.4,59.83,59.23,59.54,131906
2021-02-09 09:30:00,59.21,59.53,58.9,59.17,352822
2021-02-10 09:30:00,60.49,61.41,60.19,61.23,240107
2021-02-11 09:30:00,60.8,60.95,60.2,60.22,282846
2021-02-12 09:30:00,58.86,60.33,58.79,59.74,268528
2021-02-16 09:30:00,60.11,60.14,59.21,59.22,185237
2021-02-17 09:30:00,59.18,59.23,58.65,58.76,205415
2021-02-18 09:30:00,58.38,58.77,58.24,58.65,105496
2021-02-19 09:30:00,59.19,59.31,58.89,59.15,565803
2021-02-22 09:30:00,58.75,59.14,58.44,58.94,100569
2021-02-23 09:30:00,58.74,59.23,58.48,58.78,378203
2021-02-24 09:30:00,58.97,59.55,58.92,59.37,102710
2021-02-25 09:30:00,60.08,60.46,60.08,60.27,131461
2021-02-26 09:30:00,60.64,60.66,59.52,59.67,173550
2021-03-01 09:30:00,59.94,60.49,59.89,60.01,204801
2021-03-02 09:30:00,60.63,61.2,60.51,60.78,161643
2021-03-03 09:30:00,61.23,61.59,60.82,61.18,129135
2021-03-04 09:30:00,62.47,62.53,61.43,61.52,291238
2021-03-05 09:30:00,60.31,60.64,59.68,59.95,166592
2021-03-08 09:30:00,60.73,61.07,60.37,60.79,129915
2021-03-09 09:30:00,61.37,61.68,60.78,61.6,97720
2021-03-10 09:30:00,60.45,61.33,60.39,61.29,139646
2021-03-11 09:30:00,61.79,62.31,61.59,62.24,150294
2021-03-12 09:30:00,63.23,63.23,62.44,62.63,128543
2021-03-15 09:30:00,61.64,62.04,61.36,61.36,121804
2021-03-16 09:30:00,62.74,63.27,62.23,62.89,154746
2021-03-17 09:30:00,63.51,63.59,62.96,63.3,307743
2021-03-18 09:30:00,63.7,64.16,63.17,63.52,255906
2021-03-19 09:30:00,63.46,63.46,62.51,62.66,446140
2021-03-22 09:30:00,62.45,62.45,61.66,61.75,145582
2021-03-23 09:30:00,62.09,63.17,61.88,63.04,155779
2021-03-24 09:30:00,62.59,63.52,62.52,63.2,100694
2021-03-25 09:30:00,63.01,63.02,62.59,62.91,126479
2021-03-26 09:30:00,63.71,63.91,63.21,63.42,77412
2021-03-29 09:30:00,65.27,66.06,64.96,65.46,317010
2021-03-30 09:30:00,65.5,65.72,65.2,65.47,79900
2021-03-31 09:30:00,65.45,65.45,64.4,64.61,202601
2021-04-01 09:30:00,64.39,65.1,63.97,63.99,159320
2021-04-05 09:30:00,64.57,65.15,64.57,64.66,116962
2021-04-06 09:30:00,64.96,65.43,64.39,65.4,125725
2021-04-07 09:30:00,65.3,65.68,65.07,65.18,192058
2021-04-08 09:30:00,64.95,65.1,64.45,64.6,79583
2021-04-09 09:30:00,65.13,65.32,64.92,65.14,87643
2021-04-12 09:30:00,66.01,66.17,65.73,65.79,129757
2021-04-13 09:30:00,65.85,66.0,65.61,65.67,139157
2021-04-14 09:30:00,66.37,66.44,65.59,65.97,250877
2021-04-15 09:30:00,66.03,66.59,65.69,65.7,170653
2021-04-16 09:30:00,66.75,66.75,65.45,65.63,264530
2021-04-19 09:30:00,66.1,66.1,66.1,66.1,23889
2021-04-20 09:30:00,66.96,66.96,66.29,66.49,217062
2021-04-21 09:30:00,65.85,66.15,65.27,66.05,190164
2021-04-22 09:30:00,66.58,66.92,66.32,66.43,89891
2021-04-23 09:30:00,66.43,66.91,66.32,66.72,173625
2021-04-26 09:30:00,71.45,71.86,69.68,71.38,1299421
2021-04-27 09:30:00,71.51,72.51,71.15,72.37,948761
2021-04-28 09:30:00,74.01,74.31,73.16,73.56,461046
2021-04-29 09:30:00,72.93,73.81,72.93,73.64,249981
2021-04-30 09:30:00,73.14,73.54,72.83,73.06,289441
2021-05-03 09:30:00,73.37,73.8,73.05,73.65,225315
2021-05-04 09:30:00,73.26,73.99,73.26,73.65,307602
2021-05-05 09:30:00,73.74,74.07,73.62,73.63,193367
2021-05-06 09:30:00,73.31,73.73,73.26,73.46,149123
2021-05-07 09:30:00,72.98,73.23,72.83,73.17,101061
2021-05-10 09:30:00,73.54,73.83,73.4,73.43,141150
2021-05-11 09:30:00,72.71,72.91,72.37,72.68,196477
2021-05-12 09:30:00,72.69,72.79,72.35,72.57,156512
2021-05-13 09:30:00,71.03,71.75,70.87,71.58,304324
2021-05-14 09:30:00,72.58,73.02,72.36,72.99,129665
2021-05-17 09:30:00,73.59,74.01,73.0,73.2,366381
2021-05-18 09:30:00,74.36,74.49,73.56,73.68,366321
2021-05-19 09:30:00,72.85,72.91,72.38,72.75,277853
2021-05-20 09:30:00,72.31,72.64,72.07,72.33,307489
2021-05-21 09:30:00,72.78,73.36,72.78,73.14,582446
2021-05-24 09:30:00,72.76,73.09,72.39,72.71,235547
2021-05-25 09:30:00,73.4,73.71,73.23,73.31,174532
2021-05-26 09:30:00,72.92,73.2,72.71,73.04,160957
2021-05-27 09:30:00,73.28,73.55,72.85,73.27,414838
2021-05-28 09:30:00,73.59,73.8,73.14,73.49,246902
2021-06-01 09:30:00,74.23,74.85,73.92,73.92,556609
2021-06-02 09:30:00,73.53,73.85,73.01,73.44,253680
2021-06-03 09:30:00,73.37,73.56,72.83,73.49,476535
2021-06-04 09:30:00,74.31,74.72,74.31,74.65,449526
2021-06-07 09:30:00,75.39,75.77,75.13,75.2,484383
2021-06-08 09:30:00,74.79,74.89,74.42,74.63,150417
2021-06-09 09:30:00,75.75,75.82,75.32,75.62,125603
2021-06-10 09:30:00,76.0,76.47,75.35,75.52,206456
2021-06-11 09:30:00,75.81,75.94,75.37,75.57,239537
2021-06-14 09:30:00,75.55,75.55,75.22,75.23,90867
2021-06-15 09:30:00,75.92,75.92,75.41,75.7,85033
2021-06-16 09:30:00,75.96,76.24,75.28,75.44,247492
2021-06-17 09:30:00,75.87,76.13,75.26,75.26,70551
2021-06-18 09:30:00,74.79,75.17,74.66,74.79,547841
2021-06-21 09:30:00,75.1,75.42,74.7,74.79,214115
2021-06-22 09:30:00,75.99,76.14,75.71,76.02,121555
2021-06-23 09:30:00,76.55,76.55,75.7,76.13,149430
2021-06-24 09:30:00,75.85,76.26,75.7,75.88,334732
2021-06-25 09:30:00,76.43,76.53,76.21,76.42,179629
2021-06-28 09:30:00,76.51,76.55,75.7,76.11,186459
2021-06-29 09:30:00,76.6,77.07,76.49,76.85,142352
2021-06-30 09:30:00,76.75,77.27,76.7,76.96,197926
2021-07-01 09:30:00,77.06,77.25,76.67,76.9,206207
2021-07-02 09:30:00,77.06,77.21,76.75,77.21,86532
2021-07-06 09:30:00,77.14,77.42,76.95,76.98,169014
2021-07-07 09:30:00,77.69,78.84,77.19,78.82,315864
2021-07-08 09:30:00,77.75,78.06,77.32,78.01,148099
2021-07-09 09:30:00,78.61,78.7,78.43,78.58,65290
2021-07-12 09:30:00,78.26,78.55,78.09,78.26,165261
2021-07-13 09:30:00,78.77,79.13,78.49,78.8,165311
2021-07-14 09:30:00,78.2,78.86,78.2,78.68,151776
2021-07-15 09:30:00,79.23,79.64,79.23,79.61,170803
2021-07-16 09:30:00,79.76,80.07,79.76,80.07,210810
2021-07-19 09:30:00,79.05,79.15,78.36,78.61,161020
2021-07-20 09:30:00,79.18,79.81,78.89,79.78,154919
2021-07-21 09:30:00,80.87,81.29,80.87,81.06,85983
2021-07-22 09:30:00,81.57,81.79,81.37,81.63,152098
2021-07-23 09:30:00,82.59,82.74,82.18,82.32,134263
2021-07-26 09:30:00,84.33,84.57,81.55,82.26,453038
2021-07-27 09:30:00,83.47,83.52,82.39,83.52,229403
2021-07-28 09:30:00,82.53,82.72,81.83,82.03,121417
2021-07-29 09:30:00,82.84,83.02,82.39,82.89,120667
2021-07-30 09:30:00,83.3,83.73,83.16,83.68,175408
2021-08-02 09:30:00,84.09,85.02,84.09,84.24,156114
2021-08-03 09:30:00,84.49,84.83,84.48,84.7,106668
2021-08-04 09:30:00,85.32,85.88,85.3,85.7,151246
2021-08-05 09:30:00,85.47,85.71,85.05,85.07,263547
2021-08-06 09:30:00,85.35,85.63,84.7,84.81,163308
2021-08-09 09:30:00,84.22,84.44,83.81,83.87,168878
2021-08-10 09:30:00,84.28,84.28,83.82,84.12,108707
2021-08-11 09:30:00,84.3,84.88,84.27,84.63,94751
2021-08-12 09:30:00,84.79,84.79,83.99,84.13,126174
2021-08-13 09:30:00,84.63,84.9,84.48,84.84,96974
2021-08-16 09:30:00,85.09,85.39,84.82,85.32,104940
2021-08-17 09:30:00,85.73,86.03,85.46,85.48,103012
2021-08-18 09:30:00,84.83,85.61,84.67,85.52,95327
2021-08-19 09:30:00,84.21,85.08,83.96,84.98,133696
2021-08-20 09:30:00,84.45,85.0,84.4,84.42,129521
2021-08-23 09:30:00,85.12,85.54,84.66,84.68,109844
2021-08-24 09:30:00,84.48,85.19,84.29,85.17,141223
2021-08-25 09:30:00,85.34,85.99,85.19,85.27,146919
2021-08-26 09:30:00,85.48,85.86,85.47,85.84,73507
2021-08-27 09:30:00,86.6,86.93,86.49,86.76,97648
2021-08-30 09:30:00,86.5,86.94,86.28,86.91,64234
2021-08-31 09:30:00,86.84,86.96,86.43,86.71,81266
2021-09-01 09:30:00,86.67,86.68,85.51,85.83,201584
2021-09-02 09:30:00,86.4,86.74,86.16,86.32,66111
2021-09-03 09:30:00,86.39,86.61,86.16,86.22,86852
2021-09-07 09:30:00,86.09,86.09,84.9,84.98,128316
2021-09-08 09:30:00,83.79,84.66,83.71,84.64,137661
2021-09-09 09:30:00,85.4,85.51,85.13,85.49,195781
2021-09-10 09:30:00,85.58,85.67,85.14,85.36,73678
2021-09-13 09:30:00,85.86,86.22,85.31,85.46,108791
2021-09-14 09:30:00,84.81,84.81,84.09,84.21,95961
2021-09-15 09:30:00,85.16,85.16,84.62,84.72,182810
2021-09-16 09:30:00,84.94,84.94,84.08,84.32,234272
2021-09-17 09:30:00,82.04,82.21,80.52,80.64,1002650
2021-09-20 09:30:00,78.97,78.97,77.34,78.77,643590
2021-09-21 09:30:00,78.39,79.08,78.21,78.61,356074
2021-09-22 09:30:00,78.84,80.43,78.14,79.71,582811
2021-09-23 09:30:00,79.47,81.39,79.0,81.19,333952
2021-09-24 09:30:00,80.31,80.99,79.94,80.66,163711
2021-09-27 09:30:00,79.49,80.04,79.39,79.41,115530
2021-09-28 09:30:00,78.57,78.76,78.16,78.37,158711
2021-09-29 09:30:00,78.88,79.34,78.6,78.85,140519
2021-09-30 09:30:00,78.86,79.05,78.42,78.9,103061
2021-10-01 09:30:00,77.71,77.8,76.94,77.06,123042
2021-10-04 09:30:00,77.19,78.15,77.07,78.0,156267
2021-10-05 09:30:00,77.35,77.7,76.95,77.55,99768
2021-10-06 09:30:00,77.83,78.5,77.05,77.08,92432
2021-10-07 09:30:00,78.91,79.95,78.76,79.9,183948
2021-10-08 09:30:00,78.89,79.33,78.38,78.43,125855
2021-10-11 09:30:00,78.25,78.5,77.56,77.69,150726
2021-10-12 09:30:00,76.91,77.26,76.61,76.95,102265
2021-10-13 09:30:00,77.32,77.36,76.66,76.67,103291
2021-10-14 09:30:00,77.05,77.56,77.04,77.36,244968
2021-10-15 09:30:00,78.9,79.1,78.49,78.54,233646
2021-10-18 09:30:00,78.65,78.7,78.04,78.46,177510
2021-10-19 09:30:00,78.97,79.27,78.81,78.89,155434
2021-10-20 09:30:00,79.56,79.64,79.19,79.47,68212
2021-10-21 09:30:00,79.14,79.57,78.6,79.02,316034
2021-10-22 09:30:00,80.72,81.47,80.3,81.26,233352
2021-10-25 09:30:00,76.24,76.24,76.24,76.24,43118
2021-10-26 09:30:00,77.41,77.65,76.21,76.24,482394
2021-10-27 09:30:00,75.84,75.92,75.05,75.73,277661
2021-10-28 09:30:00,74.83,74.83,73.89,74.42,483361
2021-10-29 09:30:00,74.8,75.17,74.78,75.05,145620
2021-11-01 09:30:00,75.64,76.08,75.34,75.56,154519
2021-11-02 09:30:00,76.46,76.48,75.91,76.13,151767
2021-11-03 09:30:00,76.41,76.92,76.2,76.54,338718
2021-11-04 09:30:00,76.09,76.91,75.95,76.61,276436
2021-11-05 09:30:00,77.21,77.76,77.2,77.61,134960
2021-11-08 09:30:00,77.19,77.46,77.02,77.1,125911
2021-11-09 09:30:00,77.47,78.09,77.21,77.81,219977
2021-11-10 09:30:00,78.92,79.39,78.21,78.66,395772
2021-11-11 09:30:00,78.45,78.69,78.19,78.45,377710
2021-11-12 09:30:00,78.91,78.91,78.32,78.7,91154
2021-11-15 09:30:00,80.38,80.47,79.74,79.83,107511
2021-11-16 09:30:00,79.5,79.82,79.18,79.51,227131
2021-11-17 09:30:00,79.31,79.58,79.06,79.43,148776
2021-11-18 09:30:00,79.94,80.96,79.83,80.91,260228
2021-11-19 09:30:00,81.49,82.3,81.33,82.29,383271
2021-11-22 09:30:00,81.31,81.44,80.64,80.81,110296
2021-11-23 09:30:00,79.19,79.54,78.89,79.2,150039
2021-11-24 09:30:00,78.86,79.0,78.13,78.53,117316
2021-11-26 09:30:00,78.18,79.41,78.09,78.47,184426
2021-11-29 09:30:00,79.29,79.29,78.47,78.73,120667
2021-11-30 09:30:00,78.32,78.79,77.8,77.95,114148
2021-12-01 09:30:00,77.02,78.29,76.83,78.04,559126
2021-12-02 09:30:00,76.23,77.4,76.23,77.34,163044
2021-12-03 09:30:00,78.58,78.81,77.75,77.98,91092
2021-12-06 09:30:00,78.63,78.88,77.95,78.3,361121
2021-12-07 09:30:00,80.27,80.86,79.87,80.75,188497
2021-12-08 09:30:00,80.75,80.85,80.39,80.61,137870
2021-12-09 09:30:00,81.11,81.21,80.29,80.76,122462
2021-12-10 09:30:00,81.38,81.57,80.88,81.34,321703
2021-12-13 09:30:00,81.31,81.68,80.36,80.58,92055
2021-12-14 09:30:00,80.2,80.51,79.92,80.32,139087
2021-12-15 09:30:00,80.18,80.5,79.29,79.35,120409
2021-12-16 09:30:00,80.8,81.13,80.33,81.1,108533
2021-12-17 09:30:00,80.54,81.71,80.54,81.5,655080
2021-12-20 09:30:00,78.48,78.48,77.28,77.51,179938
2021-12-21 09:30:00,78.56,78.75,78.07,78.47,98456
2021-12-22 09:30:00,79.31,79.57,78.85,78.86,69200
2021-12-23 09:30:00,79.99,80.36,79.6,80.27,121668
2021-12-27 09:30:00,80.82,80.92,80.69,80.85,81398
2021-12-28 09:30:00,81.54,81.68,81.39,81.61,74356
2021-12-29 09:30:00,81.28,82.24,81.28,81.69,111775
2021-12-30 09:30:00,81.9,82.28,81.9,81.99,50888
2021-12-31 09:30:00,81.24,81.74,81.24,81.56,28443
2022-01-03 09:30:00,82.21,83.17,81.92,81.92,213839
2022-01-04 09:30:00,80.51,80.93,80.11,80.93,142006
2022-01-05 09:30:00,81.58,81.79,81.2,81.55,88428
2022-01-06 09:30:00,79.37,79.95,78.98,79.5,118020
2022-01-07 09:30:00,79.57,80.32,79.57,80.3,130637
2022-01-10 09:30:00,79.01,79.25,77.86,78.04,151346
2022-01-11 09:30:00,80.32,80.35,79.37,79.61,100825
2022-01-12 09:30:00,81.76,81.92,81.26,81.39,171118
2022-01-13 09:30:00,82.1,82.66,81.71,81.73,194697
2022-01-14 09:30:00,80.0,80.74,79.48,80.16,556978
2022-01-18 09:30:00,78.3,78.46,77.0,77.43,369026
2022-01-19 09:30:00,79.38,79.43,78.48,78.71,422179
2022-01-20 09:30:00,78.81,79.29,78.65,79.02,112308
2022-01-21 09:30:00,77.5,77.86,76.9,77.73,429858
2022-01-24 09:30:00,77.0,77.12,76.26,76.42,368946
2022-01-25 09:30:00,77.05,77.34,76.29,76.49,334413
2022-01-26 09:30:00,78.79,79.78,78.52,79.59,410218
2022-01-27 09:30:00,77.59,78.34,77.14,78.25,167046
2022-01-28 09:30:00,77.5,77.5,76.59,77.12,263833
2022-01-31 09:30:00,76.65,79.18,75.91,79.11,502098
2022-02-01 09:30:00,80.93,81.43,79.69,79.89,409576
2022-02-02 09:30:00,79.02,79.49,78.37,78.38,415173
2022-02-03 09:30:00,77.94,78.84,77.1,78.15,202736
2022-02-04 09:30:00,76.61,77.15,76.42,76.65,202523
2022-02-07 09:30:00,77.87,78.15,76.89,76.93,145804
2022-02-08 09:30:00,77.34,78.59,77.21,78.54,195496
2022-02-09 09:30:00,80.05,80.24,79.08,79.08,236245
2022-02-10 09:30:00,78.14,78.23,77.64,78.15,160796
2022-02-11 09:30:00,76.93,77.15,76.37,76.65,119629
2022-02-14 09:30:00,75.01,75.56,74.8,74.83,144322
2022-02-15 09:30:00,76.53,77.0,75.42,75.96,280960
2022-02-16 09:30:00,74.42,74.68,73.47,73.56,251399
2022-02-17 09:30:00,73.79,73.86,72.93,72.94,195200
2022-02-18 09:30:00,71.92,72.74,71.86,72.21,413669
2022-02-22 09:30:00,71.97,73.29,71.76,73.21,308452
2022-02-23 09:30:00,72.6,72.63,71.98,72.08,190891
2022-02-24 09:30:00,69.34,70.66,69.13,70.63,428272
2022-02-25 09:30:00,72.52,73.07,72.36,72.43,259592
2022-02-28 09:30:00,72.97,74.39,72.97,74.39,242177
2022-03-01 09:30:00,74.09,74.22,73.22,73.32,355520
2022-03-02 09:30:00,73.94,74.4,73.81,74.02,174985
2022-03-03 09:30:00,75.35,76.17,75.17,75.46,337206
2022-03-04 09:30:00,73.96,74.31,73.28,73.54,272678
2022-03-07 09:30:00,73.58,73.85,73.06,73.4,216364
2022-03-08 09:30:00,70.18,70.18,70.18,70.18,39013
2022-03-09 09:30:00,70.87,71.71,70.7,71.12,252185
2022-03-10 09:30:00,70.27,70.5,69.79,69.92,180251
2022-03-11 09:30:00,69.97,70.09,69.33,69.38,252850
2022-03-14 09:30:00,69.35,69.39,68.87,68.87,160147
2022-03-15 09:30:00,68.56,68.96,68.04,68.6,276255
2022-03-16 09:30:00,70.47,71.94,69.98,71.77,227037
2022-03-17 09:30:00,70.97,71.62,70.92,71.6,141095
2022-03-18 09:30:00,72.49,73.14,72.37,73.06,779180
2022-03-21 09:30:00,73.31,73.79,72.39,72.52,149476
2022-03-22 09:30:00,73.1,73.99,73.1,73.78,161582
2022-03-23 09:30:00,72.94,73.25,72.71,73.07,182088
2022-03-24 09:30:00,72.23,72.41,71.83,72.39,143032
2022-03-25 09:30:00,73.4,73.53,72.82,73.0,130634
2022-03-28 09:30:00,72.78,72.96,72.18,72.76,130125
2022-03-29 09:30:00,74.43,75.18,74.31,74.72,242255
2022-03-30 09:30:00,73.77,74.33,73.5,74.33,139835
2022-03-31 09:30:00,73.4,73.79,73.17,73.74,163384
2022-04-01 09:30:00,72.74,73.06,72.03,72.46,265721
2022-04-04 09:30:00,72.16,72.24,71.69,71.99,173901
2022-04-05 09:30:00,72.21,72.41,71.45,71.67,152891
2022-04-06 09:30:00,70.3,70.81,70.13,70.72,180375
2022-04-07 09:30:00,71.67,72.19,71.67,72.19,220836
2022-04-08 09:30:00,73.07,73.48,73.04,73.35,168374
2022-04-11 09:30:00,72.82,73.05,72.37,72.74,99926
2022-04-12 09:30:00,72.37,73.0,72.24,72.77,114916
2022-04-13 09:30:00,71.17,72.35,71.17,71.93,126900
2022-04-14 09:30:00,71.9,72.33,70.78,71.01,219009
2022-04-18 09:30:00,70.64,70.99,70.22,70.4,164991
2022-04-19 09:30:00,70.01,70.55,69.86,70.2,163076
2022-04-20 09:30:00,71.86,72.04,71.56,71.66,212249
2022-04-21 09:30:00,71.97,72.47,71.72,72.15,221152
2022-04-22 09:30:00,69.83,70.58,69.81,70.14,267782
2022-04-25 09:30:00,71.19,71.9,69.99,70.94,651405
2022-04-26 09:30:00,69.39,69.95,69.14,69.24,189611
2022-04-27 09:30:00,68.38,70.05,68.38,69.98,243665
2022-04-28 09:30:00,69.6,70.18,69.6,70.16,179780
2022-04-29 09:30:00,71.48,71.8,71.18,71.66,189381
2022-05-02 09:30:00,69.04,69.73,68.76,69.49,226687
2022-05-03 09:30:00,68.96,69.4,68.53,68.81,139136
2022-05-04 09:30:00,69.93,70.4,69.28,70.17,254165
2022-05-05 09:30:00,71.39,71.97,71.37,71.71,140735
2022-05-06 09:30:00,70.2,70.2,68.98,69.15,205142
2022-05-09 09:30:00,69.31,69.69,69.04,69.55,163584
2022-05-10 09:30:00,69.86,70.74,69.22,69.5,321342
2022-05-11 09:30:00,68.76,69.25,68.41,69.25,140741
2022-05-12 09:30:00,68.58,69.98,68.44,69.81,271052
2022-05-13 09:30:00,69.82,70.61,69.5,70.51,283772
2022-05-16 09:30:00,70.51,70.8,69.59,70.08,239493
2022-05-17 09:30:00,70.97,71.31,70.36,70.52,166387
2022-05-18 09:30:00,70.37,70.81,69.9,70.24,126321
2022-05-19 09:30:00,67.66,68.64,67.61,67.84,181896
2022-05-20 09:30:00,69.61,70.6,69.45,70.41,383208
2022-05-23 09:30:00,70.25,70.55,69.75,69.96,391740
2022-05-24 09:30:00,71.05,71.38,69.98,70.24,320483
2022-05-25 09:30:00,70.95,71.14,70.03,70.03,392951
2022-05-26 09:30:00,70.62,70.81,70.34,70.72,220452
2022-05-27 09:30:00,72.02,72.75,71.57,72.46,204601
2022-05-31 09:30:00,71.73,71.83,70.01,70.49,336434
2022-06-01 09:30:00,70.57,71.37,70.57,70.75,343589
2022-06-02 09:30:00,70.26,70.62,69.93,70.45,222399
2022-06-03 09:30:00,70.97,70.97,70.35,70.7,103710
2022-06-06 09:30:00,71.72,71.84,71.41,71.72,85294
2022-06-07 09:30:00,70.97,71.46,70.62,71.4,94291
2022-06-08 09:30:00,72.0,72.52,71.39,72.49,107526
2022-06-09 09:30:00,72.34,72.53,72.0,72.44,78434
2022-06-10 09:30:00,71.01,71.24,70.32,70.4,175405
2022-06-13 09:30:00,67.82,68.55,67.73,68.07,127021
2022-06-14 09:30:00,67.34,67.61,67.18,67.56,137188
2022-06-15 09:30:00,65.9,66.92,65.83,66.87,188960
2022-06-16 09:30:00,64.96,65.03,63.91,64.22,245392
2022-06-17 09:30:00,64.51,64.93,64.19,64.67,1099237
2022-06-21 09:30:00,65.33,65.41,64.72,65.24,222925
2022-06-22 09:30:00,65.02,65.63,64.69,64.93,304523
2022-06-23 09:30:00,65.21,66.01,65.07,65.5,159303
2022-06-24 09:30:00,65.47,66.32,65.01,66.27,421754
2022-06-27 09:30:00,67.7,67.77,65.94,66.01,271153
2022-06-28 09:30:00,66.65,67.27,66.52,67.15,119992
2022-06-29 09:30:00,65.99,66.13,65.06,65.37,146679
2022-06-30 09:30:00,65.49,66.08,65.28,65.78,136010
2022-07-01 09:30:00,67.4,67.84,67.07,67.36,158593
2022-07-05 09:30:00,66.83,67.73,66.63,66.91,241816
2022-07-06 09:30:00,67.85,68.15,67.11,67.18,220698
2022-07-07 09:30:00,65.18,66.55,63.96,66.38,1323709
2022-07-08 09:30:00,66.46,66.71,65.35,65.7,309579
2022-07-11 09:30:00,66.4,66.63,66.05,66.58,128970
2022-07-12 09:30:00,65.41,66.65,65.26,66.49,196971
2022-07-13 09:30:00,64.64,65.1,64.4,65.01,170470
2022-07-14 09:30:00,63.92,64.27,63.63,63.97,255052
2022-07-15 09:30:00,66.4,66.61,65.76,66.04,347865
2022-07-18 09:30:00,66.36,66.92,66.3,66.8,169258
2022-07-19 09:30:00,66.27,67.04,66.23,66.94,111656
2022-07-20 09:30:00,68.4,68.75,67.51,68.49,152660
2022-07-21 09:30:00,68.98,69.42,68.6,69.07,156831
2022-07-22 09:30:00,69.39,69.59,67.77,68.61,880549
2022-07-25 09:30:00,68.34,68.9,68.09,68.78,114692
2022-07-26 09:30:00,68.73,68.95,67.97,68.15,191106
2022-07-27 09:30:00,69.12,71.63,69.12,71.58,480566
2022-07-28 09:30:00,72.22,72.87,72.2,72.42,181118
2022-07-29 09:30:00,73.2,73.2,72.53,72.83,211676
2022-08-01 09:30:00,73.4,74.67,73.4,74.55,405486
2022-08-02 09:30:00,74.22,74.68,73.63,73.95,336685
2022-08-03 09:30:00,73.92,74.08,73.55,74.08,112907
2022-08-04 09:30:00,75.56,75.72,75.18,75.54,161238
2022-08-05 09:30:00,74.92,75.22,74.59,75.11,123163
2022-08-08 09:30:00,75.77,76.02,75.43,75.56,204191
2022-08-09 09:30:00,74.92,75.09,74.52,74.59,126485
2022-08-10 09:30:00,75.96,76.07,75.37,76.02,229402
2022-08-11 09:30:00,76.63,76.74,76.05,76.57,121321
2022-08-12 09:30:00,76.94,77.19,76.48,77.03,447665
2022-08-15 09:30:00,77.16,77.53,76.92,77.41,185822
2022-08-16 09:30:00,77.14,77.45,76.9,77.23,81362
2022-08-17 09:30:00,76.45,76.78,76.19,76.61,129163
2022-08-18 09:30:00,76.75,76.75,76.31,76.38,79576
2022-08-19 09:30:00,76.26,76.42,75.87,75.87,197057
2022-08-22 09:30:00,74.39,74.59,73.9,74.26,274217
2022-08-23 09:30:00,73.5,73.99,73.5,73.98,123598
2022-08-24 09:30:00,73.34,73.55,73.17,73.37,117921
2022-08-25 09:30:00,74.05,74.1,73.75,74.04,124019
2022-08-26 09:30:00,74.7,74.7,74.19,74.23,106701
2022-08-29 09:30:00,71.23,71.28,70.91,70.94,98439
2022-08-30 09:30:00,70.64,70.86,70.09,70.1,130043
2022-08-31 09:30:00,69.75,70.03,68.88,69.22,198595
2022-09-01 09:30:00,68.74,68.74,68.33,68.61,209227
2022-09-02 09:30:00,70.0,70.14,69.37,69.47,102631
2022-09-06 09:30:00,68.32,68.51,67.75,68.21,189621
2022-09-07 09:30:00,68.81,69.09,68.35,68.69,133122
2022-09-08 09:30:00,69.51,69.71,69.07,69.29,118260
2022-09-09 09:30:00,69.73,69.88,69.34,69.79,121151
2022-09-12 09:30:00,70.51,70.6,69.97,70.46,112893
2022-09-13 09:30:00,68.87,69.02,68.61,68.68,120339
2022-09-14 09:30:00,67.7,67.82,66.72,66.82,137905
2022-09-15 09:30:00,66.61,66.97,66.39,66.96,117513
2022-09-16 09:30:00,64.96,65.08,64.49,64.53,1123291
2022-09-19 09:30:00,64.27,64.85,64.23,64.79,164369
2022-09-20 09:30:00,64.64,64.81,63.86,64.19,180014
2022-09-21 09:30:00,64.73,65.32,64.64,65.32,169936
2022-09-22 09:30:00,63.45,63.96,62.89,63.15,273783
2022-09-23 09:30:00,61.93,62.46,61.73,62.28,210072
2022-09-26 09:30:00,62.4,63.42,62.37,62.87,203873
2022-09-27 09:30:00,62.84,62.97,62.61,62.78,143750
2022-09-28 09:30:00,62.64,62.64,61.84,62.17,276383
2022-09-29 09:30:00,62.15,62.28,61.34,61.37,112595
2022-09-30 09:30:00,61.49,61.61,60.74,61.44,258260
2022-10-03 09:30:00,61.67,61.85,61.09,61.33,187996
2022-10-04 09:30:00,63.33,64.29,63.16,63.89,204912
2022-10-05 09:30:00,63.29,64.09,63.21,63.65,129537
2022-10-06 09:30:00,64.06,64.35,63.88,64.04,105322
2022-10-07 09:30:00,63.05,63.38,62.5,62.58,110894
2022-10-10 09:30:00,62.7,62.88,62.16,62.18,94917
2022-10-11 09:30:00,61.91,62.04,61.44,61.59,87131
2022-10-12 09:30:00,62.01,62.14,61.6,62.11,119238
2022-10-13 09:30:00,60.21,60.36,59.55,59.82,180093
2022-10-14 09:30:00,62.35,62.99,62.23,62.68,157295
2022-10-17 09:30:00,61.97,62.64,61.83,62.32,176359
2022-10-18 09:30:00,63.77,63.85,63.4,63.55,152180
2022-10-19 09:30:00,63.34,63.6,63.06,63.29,265925
2022-10-20 09:30:00,63.31,63.31,62.51,63.12,127866
2022-10-21 09:30:00,61.97,62.61,61.27,62.55,367390
2022-10-24 09:30:00,64.01,64.69,63.74,64.34,156450
2022-10-25 09:30:00,63.83,65.27,63.83,65.23,155140
2022-10-26 09:30:00,65.46,65.75,63.64,64.43,587512
2022-10-27 09:30:00,65.28,66.12,65.18,66.12,152294
2022-10-28 09:30:00,66.82,67.44,66.56,67.33,168181
2022-10-31 09:30:00,67.35,67.83,66.93,67.58,262012
2022-11-01 09:30:00,67.91,68.49,67.75,68.26,173410
2022-11-02 09:30:00,67.86,67.94,67.46,67.9,136032
2022-11-03 09:30:00,66.2,66.57,65.93,65.93,189592
2022-11-04 09:30:00,67.93,70.39,67.93,69.53,490769
2022-11-07 09:30:00,69.65,70.07,69.27,69.58,188086
2022-11-08 09:30:00,70.46,70.6,70.05,70.14,95713
2022-11-09 09:30:00,69.53,70.41,69.33,69.84,191049
2022-11-10 09:30:00,71.01,72.33,71.01,72.0,238317
2022-11-11 09:30:00,72.1,73.29,72.06,73.06,269348
2022-11-14 09:30:00,73.15,75.81,73.11,75.04,1206977
2022-11-15 09:30:00,74.78,75.23,74.51,75.15,185421
2022-11-16 09:30:00,74.76,75.84,74.76,75.35,257797
2022-11-17 09:30:00,73.65,73.75,72.67,72.73,229561
2022-11-18 09:30:00,74.78,75.33,74.2,74.34,168849
2022-11-21 09:30:00,74.1,74.72,73.46,74.72,276041
2022-11-22 09:30:00,75.14,75.17,74.78,74.87,127424
2022-11-23 09:30:00,74.58,75.11,74.48,74.91,529197
2022-11-25 09:30:00,75.12,75.58,74.82,75.37,154600
2022-11-28 09:30:00,74.63,74.95,74.09,74.16,137907
2022-11-29 09:30:00,73.13,74.24,72.83,73.59,188112
2022-11-30 09:30:00,73.47,73.67,72.83,73.04,299194
2022-12-01 09:30:00,74.24,74.9,74.12,74.82,225927
2022-12-02 09:30:00,74.67,74.96,74.15,74.88,120472
2022-12-05 09:30:00,75.39,75.81,74.59,74.73,202878
2022-12-06 09:30:00,75.06,75.36,74.87,75.16,235736
2022-12-07 09:30:00,75.53,75.97,75.14,75.8,173717
2022-12-08 09:30:00,76.4,76.52,75.71,76.31,184401
2022-12-09 09:30:00,76.4,76.52,76.03,76.18,60834
2022-12-12 09:30:00,75.47,75.56,75.1,75.34,77442
2022-12-13 09:30:00,78.43,78.43,77.32,78.19,181917
2022-12-14 09:30:00,77.48,77.97,77.03,77.91,118395
2022-12-15 09:30:00,75.89,76.11,75.16,75.26,128280
2022-12-16 09:30:00,74.81,75.14,74.32,75.08,417402
2022-12-19 09:30:00,75.21,75.47,74.82,75.32,131583
2022-12-20 09:30:00,74.51,74.64,74.14,74.5,96793
2022-12-21 09:30:00,75.03,75.08,74.52,74.87,125529
2022-12-22 09:30:00,75.14,75.35,74.42,74.6,115933
2022-12-23 09:30:00,74.51,74.94,74.36,74.48,42485
2022-12-27 09:30:00,74.96,75.23,74.62,75.02,57787
2022-12-28 09:30:00,75.18,75.32,74.79,75.16,47435
2022-12-29 09:30:00,74.64,74.94,74.22,74.93,45058
2022-12-30 09:30:00,75.37,75.55,74.67,74.91,64781
2023-01-03 09:30:00,75.51,76.0,75.21,75.24,151947
2023-01-04 09:30:00,76.31,76.94,75.85,76.93,84680
2023-01-05 09:30:00,77.01,77.2,76.49,77.13,184555
2023-01-06 09:30:00,77.47,77.62,76.91,77.44,80292
2023-01-09 09:30:00,78.41,78.68,77.78,78.68,95355
2023-01-10 09:30:00,77.84,78.15,77.42,77.76,74762
2023-01-11 09:30:00,78.65,78.65,78.21,78.36,74415
2023-01-12 09:30:00,78.43,78.43,77.24,77.72,153042
2023-01-13 09:30:00,79.04,79.38,78.64,79.32,114276
2023-01-17 09:30:00,79.64,79.86,79.31,79.59,175058
2023-01-18 09:30:00,79.6,79.72,79.31,79.69,117142
2023-01-19 09:30:00,77.98,78.21,77.45,77.48,85441
2023-01-20 09:30:00,76.56,76.78,75.72,75.78,241040
2023-01-23 09:30:00,77.11,77.17,76.41,77.05,101958
2023-01-24 09:30:00,76.77,78.0,76.77,77.43,96077
2023-01-25 09:30:00,77.95,77.95,77.23,77.23,133090
2023-01-26 09:30:00,77.87,77.92,76.73,76.81,151557
2023-01-27 09:30:00,77.4,77.56,76.89,77.37,71784
2023-01-30 09:30:00,77.27,77.9,76.87,77.86,98806
2023-01-31 09:30:00,77.97,78.16,77.49,77.68,98511
2023-02-01 09:30:00,78.88,80.05,78.51,79.44,291170
2023-02-02 09:30:00,81.71,81.82,80.65,81.55,162644
2023-02-03 09:30:00,79.85,80.33,79.8,80.28,150266
2023-02-06 09:30:00,80.32,81.16,80.24,80.69,136510
2023-02-07 09:30:00,79.5,79.86,79.21,79.41,86912
2023-02-08 09:30:00,79.78,80.36,79.43,80.35,117012
2023-02-09 09:30:00,80.36,80.58,79.91,79.93,100083
2023-02-10 09:30:00,79.22,79.8,78.8,79.33,231213
2023-02-13 09:30:00,80.04,80.28,79.72,80.18,65040
2023-02-14 09:30:00,80.71,81.18,80.46,81.06,197102
2023-02-15 09:30:00,80.57,80.66,80.34,80.57,87565
2023-02-16 09:30:00,80.1,80.12,79.76,79.85,114328
2023-02-17 09:30:00,80.49,80.5,80.02,80.34,144262
2023-02-21 09:30:00,80.53,80.92,80.47,80.6,166556
2023-02-22 09:30:00,80.38,80.75,79.71,80.42,254248
2023-02-23 09:30:00,80.09,80.76,80.09,80.6,117653
2023-02-24 09:30:00,80.28,80.28,79.77,79.91,119646
2023-02-27 09:30:00,80.39,80.84,80.39,80.74,105329
2023-02-28 09:30:00,80.6,81.22,80.57,81.12,121140
2023-03-01 09:30:00,81.08,81.68,80.92,81.58,163332
2023-03-02 09:30:00,81.72,82.04,81.29,82.04,101124
2023-03-03 09:30:00,82.54,82.66,82.35,82.53,101308
2023-03-06 09:30:00,83.4,83.82,83.05,83.63,109109
2023-03-07 09:30:00,83.32,83.32,82.64,83.2,169987
2023-03-08 09:30:00,81.8,82.08,81.5,81.86,222309
2023-03-09 09:30:00,82.22,82.29,81.57,82.06,318271
2023-03-10 09:30:00,80.75,80.75,79.56,79.65,124748
2023-03-13 09:30:00,78.09,78.98,77.97,78.63,113458
2023-03-14 09:30:00,79.81,80.34,79.63,80.08,99087
2023-03-15 09:30:00,79.0,79.31,77.8,77.93,125786
2023-03-16 09:30:00,77.18,77.51,77.07,77.42,84229
2023-03-17 09:30:00,77.91,77.98,76.97,77.03,484980
2023-03-20 09:30:00,77.44,78.24,77.21,78.14,108392
2023-03-21 09:30:00,79.33,79.6,79.17,79.44,73149
2023-03-22 09:30:00,78.83,79.04,78.74,78.9,48114
2023-03-23 09:30:00,77.07,77.58,77.07,77.37,92023
2023-03-24 09:30:00,75.98,76.48,75.37,75.89,175386
2023-03-27 09:30:00,77.83,78.2,77.44,78.09,118350
2023-03-28 09:30:00,77.68,78.22,77.36,77.9,76302
2023-03-29 09:30:00,79.21,79.32,78.84,79.01,72716
2023-03-30 09:30:00,79.77,80.28,79.66,80.11,102459
2023-03-31 09:30:00,80.23,80.53,80.04,80.53,66682
2023-04-03 09:30:00,80.88,81.09,80.67,81.05,129564
2023-04-04 09:30:00,80.72,81.31,79.88,80.15,194598
2023-04-05 09:30:00,76.89,77.24,76.58,76.98,130535
2023-04-06 09:30:00,75.91,75.92,74.75,75.52,187095
2023-04-10 09:30:00,74.82,75.37,74.82,75.21,67139
2023-04-11 09:30:00,76.36,76.45,76.11,76.24,128195
2023-04-12 09:30:00,76.93,77.31,76.65,77.24,67316
2023-04-13 09:30:00,77.42,77.83,76.46,76.46,78408
2023-04-14 09:30:00,77.72,78.64,77.54,78.55,65404
2023-04-17 09:30:00,78.26,78.92,78.26,78.84,72151
2023-04-18 09:30:00,79.47,79.89,79.15,79.42,126134
2023-04-19 09:30:00,78.39,78.86,78.39,78.57,87288
2023-04-20 09:30:00,78.96,79.01,78.44,78.63,99528
2023-04-21 09:30:00,79.91,80.12,79.47,79.51,88449
2023-04-24 09:30:00,79.26,79.77,79.26,79.73,134071
2023-04-25 09:30:00,79.65,79.79,79.21,79.77,98430
2023-04-26 09:30:00,78.61,80.12,78.36,78.94,188629
2023-04-27 09:30:00,79.5,80.81,78.78,80.81,149565
2023-04-28 09:30:00,82.75,83.16,82.4,82.96,153914
2023-05-01 09:30:00,82.19,82.55,81.93,82.17,83967
2023-05-02 09:30:00,82.42,82.42,81.74,82.1,94720
2023-05-03 09:30:00,83.28,83.43,82.83,83.4,78911
2023-05-04 09:30:00,82.58,82.73,81.75,82.08,193158
2023-05-05 09:30:00,82.69,83.22,82.64,82.72,70959
2023-05-08 09:30:00,82.59,82.87,82.35,82.5,83103
2023-05-09 09:30:00,82.22,82.22,81.81,81.98,90354
2023-05-10 09:30:00,82.55,82.58,81.61,81.87,111084
2023-05-11 09:30:00,81.43,81.61,80.91,81.08,85179
2023-05-12 09:30:00,81.48,81.9,81.48,81.77,104825
2023-05-15 09:30:00,81.07,81.15,80.61,81.14,110534
2023-05-16 09:30:00,80.66,80.66,79.96,80.02,122093
2023-05-17 09:30:00,80.08,80.08,79.53,79.62,74943
2023-05-18 09:30:00,80.55,80.77,80.27,80.73,154512
2023-05-19 09:30:00,82.14,82.14,81.59,81.89,286050
2023-05-22 09:30:00,81.26,81.73,80.7,80.92,162534
2023-05-23 09:30:00,80.26,80.56,78.95,79.15,173043
2023-05-24 09:30:00,79.0,79.13,77.99,78.07,170314
2023-05-25 09:30:00,78.41,78.41,77.88,78.34,103461
2023-05-26 09:30:00,78.42,78.81,77.97,78.37,313124
2023-05-30 09:30:00,78.97,79.05,78.17,78.44,107833
2023-05-31 09:30:00,77.96,78.13,76.9,76.93,110909
2023-06-01 09:30:00,76.83,76.83,76.16,76.71,134892
2023-06-02 09:30:00,80.12,82.06,80.12,81.69,467126
2023-06-05 09:30:00,82.31,82.41,81.84,81.86,79045
2023-06-06 09:30:00,81.43,81.99,81.38,81.94,42350
2023-06-07 09:30:00,82.21,82.97,82.02,82.95,136579
2023-06-08 09:30:00,84.04,84.32,83.29,83.38,98108
2023-06-09 09:30:00,82.76,82.85,82.39,82.52,95991
2023-06-12 09:30:00,82.58,82.86,82.1,82.76,96352
2023-06-13 09:30:00,83.61,84.46,83.49,84.31,88155
2023-06-14 09:30:00,84.5,84.59,84.13,84.49,119514
2023-06-15 09:30:00,84.22,84.82,83.99,84.8,78973
2023-06-16 09:30:00,85.64,86.06,85.36,85.37,514846
2023-06-20 09:30:00,84.54,84.87,84.41,84.75,143350
2023-06-21 09:30:00,83.58,84.07,83.18,84.03,71889
2023-06-22 09:30:00,83.85,83.85,82.73,83.3,90764
2023-06-23 09:30:00,82.17,82.68,81.72,82.67,70363
2023-06-26 09:30:00,83.26,84.01,83.26,83.87,69604
2023-06-27 09:30:00,84.32,84.46,83.79,83.93,76463
2023-06-28 09:30:00,84.71,84.71,83.99,84.47,73935
2023-06-29 09:30:00,83.89,84.54,83.55,84.51,102234
2023-06-30 09:30:00,86.09,86.24,85.8,86.04,123180
2023-07-03 09:30:00,85.22,85.22,84.68,84.94,106823
2023-07-05 09:30:00,84.73,85.14,84.28,85.11,155682
2023-07-06 09:30:00,83.81,84.09,83.4,83.6,102027
2023-07-07 09:30:00,82.99,83.6,82.9,83.49,64448
2023-07-10 09:30:00,83.81,84.26,83.45,84.2,169136
2023-07-11 09:30:00,84.56,84.85,84.11,84.78,78636
2023-07-12 09:30:00,85.0,85.2,84.08,84.72,102088
2023-07-13 09:30:00,85.6,85.81,85.31,85.7,72967
2023-07-14 09:30:00,85.54,85.73,84.98,85.31,59655
2023-07-17 09:30:00,85.25,85.65,84.92,85.45,71342
2023-07-18 09:30:00,85.44,86.11,85.39,85.47,94459
2023-07-19 09:30:00,84.37,85.26,84.37,84.82,222957
2023-07-20 09:30:00,83.35,83.68,82.69,83.31,351367
2023-07-21 09:30:00,84.11,84.5,83.69,84.01,279894
2023-07-24 09:30:00,84.35,84.71,84.22,84.51,123310
2023-07-25 09:30:00,83.36,84.47,83.01,84.2,281177
2023-07-26 09:30:00,82.81,86.13,82.13,85.04,730289
2023-07-27 09:30:00,88.01,88.01,86.06,87.03,224303
2023-07-28 09:30:00,87.23,87.52,86.8,86.9,146695
2023-07-31 09:30:00,86.9,87.45,86.83,87.35,124617
2023-08-01 09:30:00,86.89,87.62,86.6,87.55,124428
2023-08-02 09:30:00,86.27,86.61,85.52,86.61,160423
2023-08-03 09:30:00,85.98,86.4,85.67,85.98,81068
2023-08-04 09:30:00,86.63,86.63,86.04,86.24,68173
2023-08-07 09:30:00,85.71,86.23,85.71,85.92,42777
2023-08-08 09:30:00,86.27,86.41,85.79,85.83,80306
2023-08-09 09:30:00,85.6,85.94,85.19,85.77,135192
2023-08-10 09:30:00,84.93,85.75,84.82,85.49,126121
2023-08-11 09:30:00,84.15,84.36,83.85,84.28,150356
2023-08-14 09:30:00,84.04,84.04,83.32,83.62,190717
2023-08-15 09:30:00,83.29,83.72,82.88,82.98,212298
2023-08-16 09:30:00,82.5,83.06,82.26,82.94,144030
2023-08-17 09:30:00,82.6,82.91,82.31,82.84,143259
2023-08-18 09:30:00,80.48,81.38,80.48,81.22,185702
2023-08-21 09:30:00,80.99,81.13,80.46,80.73,104089
2023-08-22 09:30:00,81.28,81.5,80.08,80.45,119541
2023-08-23 09:30:00,80.52,80.76,80.02,80.28,124386
2023-08-24 09:30:00,80.76,81.58,80.76,81.55,111650
2023-08-25 09:30:00,80.84,81.12,80.38,80.67,172094
2023-08-28 09:30:00,81.43,81.97,81.37,81.89,90344
2023-08-29 09:30:00,81.82,81.99,81.54,81.9,76374
2023-08-30 09:30:00,83.14,83.82,82.97,83.75,161502
2023-08-31 09:30:00,83.0,83.76,82.85,83.76,133611
2023-09-01 09:30:00,83.17,83.69,83.17,83.36,91208
2023-09-05 09:30:00,83.28,83.46,82.27,82.5,120925
2023-09-06 09:30:00,81.5,82.04,81.34,81.85,100382
2023-09-07 09:30:00,81.05,81.97,80.75,80.75,150467
2023-09-08 09:30:00,80.32,80.7,80.1,80.3,81210
2023-09-11 09:30:00,80.45,80.85,80.17,80.23,132541
2023-09-12 09:30:00,79.76,80.11,79.75,80.07,58922
2023-09-13 09:30:00,79.95,79.99,79.25,79.51,66220
2023-09-14 09:30:00,79.25,79.65,78.98,79.2,78828
2023-09-15 09:30:00,78.67,78.8,78.09,78.77,579866
2023-09-18 09:30:00,78.46,78.86,78.32,78.81,88307
2023-09-19 09:30:00,78.33,79.09,78.3,79.09,126357
2023-09-20 09:30:00,79.74,79.98,79.15,79.69,114572
2023-09-21 09:30:00,78.89,78.9,78.16,78.36,81272
2023-09-22 09:30:00,78.32,78.89,78.24,78.66,62605
2023-09-25 09:30:00,77.77,78.31,77.55,78.31,66128
2023-09-26 09:30:00,77.86,78.1,77.69,77.89,55462
2023-09-27 09:30:00,76.83,77.1,76.56,76.88,209007
2023-09-28 09:30:00,76.95,77.3,76.57,77.06,135694
2023-09-29 09:30:00,78.4,78.52,77.51,77.99,105187
2023-10-02 09:30:00,77.46,77.92,77.39,77.5,101559
2023-10-03 09:30:00,76.69,77.48,76.49,77.28,81014
2023-10-04 09:30:00,76.98,77.35,76.79,77.01,56521
2023-10-05 09:30:00,77.43,77.7,76.99,77.31,54731
2023-10-06 09:30:00,76.46,76.7,76.23,76.42,130380
2023-10-09 09:30:00,76.55,76.69,76.15,76.42,72620
2023-10-10 09:30:00,77.56,77.69,77.35,77.69,91516
2023-10-11 09:30:00,77.74,78.18,77.74,78.06,65720
2023-10-12 09:30:00,78.72,78.74,77.83,77.96,74114
2023-10-13 09:30:00,77.98,78.17,77.81,78.07,57783
2023-10-16 09:30:00,78.04,78.28,77.67,78.01,81713
2023-10-17 09:30:00,77.53,78.05,77.39,78.02,52797
2023-10-18 09:30:00,77.84,77.89,76.95,77.36,184555
2023-10-19 09:30:00,76.24,77.33,76.17,77.33,201298
2023-10-20 09:30:00,75.7,75.9,75.4,75.6,197445
2023-10-23 09:30:00,74.8,75.33,74.8,75.29,52985
2023-10-24 09:30:00,75.07,75.48,74.46,74.9,199575
2023-10-25 09:30:00,72.67,72.86,70.94,72.29,528494
2023-10-26 09:30:00,73.29,73.99,72.82,73.99,129769
2023-10-27 09:30:00,72.79,73.29,72.72,73.29,82301
2023-10-30 09:30:00,74.21,74.4,73.52,73.57,130159
2023-10-31 09:30:00,74.1,74.81,74.1,74.34,76163
2023-11-01 09:30:00,74.88,75.17,74.62,74.89,82088
2023-11-02 09:30:00,75.35,75.65,75.0,75.42,107403
2023-11-03 09:30:00,77.06,77.89,76.98,77.89,107932
2023-11-06 09:30:00,77.07,77.38,76.86,77.34,132301
2023-11-07 09:30:00,77.33,77.59,76.96,77.55,99994
2023-11-08 09:30:00,77.34,77.74,77.14,77.54,90204
2023-11-09 09:30:00,78.57,78.71,77.99,78.38,167933
2023-11-10 09:30:00,78.25,78.5,78.03,78.28,61704
2023-11-13 09:30:00,79.19,79.36,78.58,79.22,61452
2023-11-14 09:30:00,80.31,80.62,79.76,80.55,119208
2023-11-15 09:30:00,81.42,81.69,81.23,81.48,113795
2023-11-16 09:30:00,80.87,81.73,80.84,81.45,116614
2023-11-17 09:30:00,82.02,82.18,81.83,81.93,232494
2023-11-20 09:30:00,82.13,82.13,81.28,81.73,98133
2023-11-21 09:30:00,82.2,82.31,81.95,82.25,70492
2023-11-22 09:30:00,82.71,82.89,82.34,82.86,53343
2023-11-24 09:30:00,81.97,82.67,81.88,82.36,85469
2023-11-27 09:30:00,82.03,82.49,81.82,82.35,136828
2023-11-28 09:30:00,82.72,82.72,82.26,82.31,63209
2023-11-29 09:30:00,82.46,82.78,82.43,82.67,106281
2023-11-30 09:30:00,82.14,82.29,81.6,82.29,107609
2023-12-01 09:30:00,83.35,83.54,83.1,83.41,170467
2023-12-04 09:30:00,83.68,84.68,83.66,84.38,98311
2023-12-05 09:30:00,84.43,84.74,84.07,84.18,77148
2023-12-06 09:30:00,83.86,84.4,83.81,84.31,124711
2023-12-07 09:30:00,84.35,84.7,83.9,84.42,131297
2023-12-08 09:30:00,84.23,84.81,84.23,84.73,86956
2023-12-11 09:30:00,85.15,85.72,85.01,85.48,84528
2023-12-12 09:30:00,86.16,86.53,85.76,86.22,112633
2023-12-13 09:30:00,86.52,86.91,86.52,86.79,94080
2023-12-14 09:30:00,87.59,87.78,87.24,87.76,156105
2023-12-15 09:30:00,87.7,87.95,87.27,87.62,549943
2023-12-18 09:30:00,87.59,87.66,86.47,86.51,137155
2023-12-19 09:30:00,87.33,87.82,86.98,87.19,84845
2023-12-20 09:30:00,86.77,87.14,86.65,87.08,87147
2023-12-21 09:30:00,86.41,86.67,86.36,86.51,46216
2023-12-22 09:30:00,86.14,86.63,85.79,86.62,165315
2023-12-26 09:30:00,86.63,86.73,86.01,86.72,30573
2023-12-27 09:30:00,87.08,87.63,86.89,87.46,73669
2023-12-28 09:30:00,87.0,87.43,87.0,87.22,85025
2023-12-29 09:30:00,87.01,87.36,87.01,87.16,31228
2024-01-02 09:30:00,85.86,86.58,85.57,86.5,124803
2024-01-03 09:30:00,85.64,85.85,85.03,85.37,126507
2024-01-04 09:30:00,85.47,85.86,85.32,85.48,66870
2024-01-05 09:30:00,85.0,85.25,84.86,84.9,83668
2024-01-08 09:30:00,85.04,85.43,84.94,85.14,256150
2024-01-09 09:30:00,84.53,84.71,84.28,84.31,115127
2024-01-10 09:30:00,84.2,84.44,84.02,84.27,125639
2024-01-11 09:30:00,84.52,84.65,84.02,84.23,140371
2024-01-12 09:30:00,84.05,84.21,83.79,83.8,128315
2024-01-16 09:30:00,83.36,83.94,83.2,83.54,114487
2024-01-17 09:30:00,83.43,83.82,83.22,83.7,242714
2024-01-18 09:30:00,83.17,83.97,83.17,83.84,147300
2024-01-19 09:30:00,84.66,84.72,83.94,84.49,194577
2024-01-22 09:30:00,85.51,86.0,85.51,85.76,68080
2024-01-23 09:30:00,85.85,86.18,85.68,85.75,150101
2024-01-24 09:30:00,86.37,86.37,85.89,85.93,108576
2024-01-25 09:30:00,86.28,86.77,86.28,86.43,130041
2024-01-26 09:30:00,86.56,86.84,86.43,86.66,67625
2024-01-29 09:30:00,85.8,86.46,85.75,86.44,99367
2024-01-30 09:30:00,86.62,87.18,86.27,86.97,198226
2024-01-31 09:30:00,88.56,89.29,88.21,89.24,344500
2024-02-01 09:30:00,86.6,86.9,85.32,85.79,291906
2024-02-02 09:30:00,87.25,87.63,86.74,87.61,150121
2024-02-05 09:30:00,87.43,88.06,87.33,87.83,116934
2024-02-06 09:30:00,88.63,88.95,88.27,88.79,98886
2024-02-07 09:30:00,89.28,89.7,89.11,89.55,356055
2024-02-08 09:30:00,89.04,89.19,88.57,88.57,85960
2024-02-09 09:30:00,88.28,88.36,88.15,88.35,90898
2024-02-12 09:30:00,88.34,88.68,88.34,88.56,87342
2024-02-13 09:30:00,88.22,88.35,87.47,87.47,112577
2024-02-14 09:30:00,88.2,88.31,87.94,88.11,113505
2024-02-15 09:30:00,89.09,89.73,88.7,88.8,151140
2024-02-16 09:30:00,89.97,90.48,89.53,89.86,162940
2024-02-20 09:30:00,88.55,88.75,88.24,88.41,150582
2024-02-21 09:30:00,89.12,89.24,88.55,88.77,128078
2024-02-22 09:30:00,90.44,90.61,89.77,89.94,212753
2024-02-23 09:30:00,90.4,90.94,90.34,90.7,95476
2024-02-26 09:30:00,90.78,91.54,90.66,91.44,80190
2024-02-27 09:30:00,91.78,91.94,91.44,91.64,93342
2024-02-28 09:30:00,91.51,92.01,91.4,91.92,79260
2024-02-29 09:30:00,93.01,93.19,92.51,92.64,141593
2024-03-01 09:30:00,92.82,92.96,92.29,92.47,103516
2024-03-04 09:30:00,93.22,93.45,92.98,93.3,71862
2024-03-05 09:30:00,92.85,93.11,92.58,92.87,92943
2024-03-06 09:30:00,92.63,92.96,92.52,92.96,58705
2024-03-07 09:30:00,93.25,93.78,93.25,93.71,70030
2024-03-08 09:30:00,94.71,95.23,94.52,95.21,99652
2024-03-11 09:30:00,94.98,95.44,94.79,95.3,206489
2024-03-12 09:30:00,94.03,94.48,93.73,94.13,86563
2024-03-13 09:30:00,95.04,95.17,94.49,94.59,59237
2024-03-14 09:30:00,95.98,96.51,95.6,96.11,183197
2024-03-15 09:30:00,95.23,96.23,95.23,95.65,404816
2024-03-18 09:30:00,96.39,96.71,96.15,96.27,46702
2024-03-19 09:30:00,95.85,96.18,95.7,95.98,44238
2024-03-20 09:30:00,96.23,96.24,95.83,95.99,92166
2024-03-21 09:30:00,96.92,97.04,96.49,96.99,115859
2024-03-22 09:30:00,97.85,97.85,97.44,97.51,71539
2024-03-25 09:30:00,96.98,97.36,96.8,96.93,68303
2024-03-26 09:30:00,96.57,96.78,96.46,96.64,109802
2024-03-27 09:30:00,96.68,97.16,96.52,96.82,52874
2024-03-28 09:30:00,97.51,97.55,96.97,97.21,41439
2024-04-01 09:30:00,96.63,97.09,96.56,96.62,56585
2024-04-02 09:30:00,95.86,96.06,95.69,95.98,58914
2024-04-03 09:30:00,95.31,95.98,95.1,95.72,63498
2024-04-04 09:30:00,96.44,96.51,95.94,96.44,80349
2024-04-05 09:30:00,95.08,95.45,94.77,94.84,169282
2024-04-08 09:30:00,95.67,95.89,95.25,95.4,57594
2024-04-09 09:30:00,95.83,96.22,95.55,95.74,122011
2024-04-10 09:30:00,95.32,95.42,94.95,95.26,87358
2024-04-11 09:30:00,94.96,95.43,94.65,94.77,78032
2024-04-12 09:30:00,94.72,94.9,94.48,94.54,64059
2024-04-15 09:30:00,95.22,95.34,94.8,95.3,125380
2024-04-16 09:30:00,93.48,94.01,92.72,92.92,63335
2024-04-17 09:30:00,94.21,94.21,93.02,93.42,203304
2024-04-18 09:30:00,92.9,93.39,92.87,93.22,137668
2024-04-19 09:30:00,93.52,93.79,93.08,93.79,144908
2024-04-22 09:30:00,93.05,93.7,92.79,93.7,228232
2024-04-23 09:30:00,94.22,94.82,94.05,94.79,110693
2024-04-24 09:30:00,94.49,94.49,91.0,91.98,496023
2024-04-25 09:30:00,91.31,91.61,90.25,90.66,142576
2024-04-26 09:30:00,90.68,91.36,90.58,90.88,102170
2024-04-29 09:30:00,90.16,90.51,89.87,90.36,134132
2024-04-30 09:30:00,90.6,90.97,90.0,90.56,80473
2024-05-01 09:30:00,89.01,89.18,88.37,88.4,117454
2024-05-02 09:30:00,89.57,89.79,88.77,89.11,141890
2024-05-03 09:30:00,90.19,90.82,90.14,90.54,149328
2024-05-06 09:30:00,90.35,90.55,89.95,90.43,64368
2024-05-07 09:30:00,91.33,91.62,90.92,91.47,116151
2024-05-08 09:30:00,91.34,92.09,91.31,91.98,110074
2024-05-09 09:30:00,92.21,92.73,92.19,92.7,102872
2024-05-10 09:30:00,94.19,94.68,93.87,94.29,145409
2024-05-13 09:30:00,94.85,95.04,94.43,94.65,172873
2024-05-14 09:30:00,94.77,95.37,94.25,94.71,154827
2024-05-15 09:30:00,94.88,95.78,94.73,95.44,145129
2024-05-16 09:30:00,94.76,95.16,94.15,94.25,112991
2024-05-17 09:30:00,94.77,94.8,94.35,94.48,120133
2024-05-20 09:30:00,94.87,95.01,94.38,94.69,192868
2024-05-21 09:30:00,94.75,95.15,94.24,94.85,167828
2024-05-22 09:30:00,95.74,96.46,95.27,96.2,169671
2024-05-23 09:30:00,96.92,96.92,95.08,95.41,377003
2024-05-24 09:30:00,95.42,95.6,94.91,95.05,99763
2024-05-28 09:30:00,95.57,95.71,94.75,94.89,109614
2024-05-29 09:30:00,92.41,93.31,92.21,93.28,181400
2024-05-30 09:30:00,92.9,93.44,92.79,93.26,107290
2024-05-31 09:30:00,94.88,95.8,94.6,95.15,351532
2024-06-03 09:30:00,97.0,97.16,96.23,96.76,178270
2024-06-04 09:30:00,96.42,97.03,96.29,96.98,190526
2024-06-05 09:30:00,97.43,97.77,97.08,97.28,115800
2024-06-06 09:30:00,98.72,98.72,97.89,98.19,157406
2024-06-07 09:30:00,97.1,97.72,96.87,97.72,108686
2024-06-10 09:30:00,96.5,96.78,96.21,96.45,85881
2024-06-11 09:30:00,95.4,95.43,93.99,94.21,111574
2024-06-12 09:30:00,95.5,95.93,94.65,95.58,115985
2024-06-13 09:30:00,95.11,95.47,94.45,94.48,65664
2024-06-14 09:30:00,94.37,94.96,94.16,94.22,135716
2024-06-17 09:30:00,95.06,95.41,94.68,95.09,62866
2024-06-18 09:30:00,94.81,95.44,93.1,93.21,249966
2024-06-20 09:30:00,94.12,94.65,93.8,94.47,84909
2024-06-21 09:30:00,94.62,94.65,93.55,93.91,372953
2024-06-24 09:30:00,94.23,94.75,93.84,94.7,84025
2024-06-25 09:30:00,94.77,94.93,93.92,93.93,129572
2024-06-26 09:30:00,93.02,94.03,92.66,93.37,160329
2024-06-27 09:30:00,93.58,93.85,93.2,93.61,112011
2024-06-28 09:30:00,94.53,95.1,93.84,94.0,387675
2024-07-01 09:30:00,94.58,94.71,93.9,94.09,94567
2024-07-02 09:30:00,92.81,93.3,92.75,93.17,108396
2024-07-03 09:30:00,94.34,95.15,94.2,95.1,157094
2024-07-05 09:30:00,94.29,94.5,93.89,93.92,88366
2024-07-08 09:30:00,95.3,95.88,95.12,95.88,82037
2024-07-09 09:30:00,95.07,95.4,94.95,95.1,78247
2024-07-10 09:30:00,94.18,94.49,93.94,94.36,162450
2024-07-11 09:30:00,95.28,96.41,94.94,96.13,181606
2024-07-12 09:30:00,97.9,98.05,97.6,97.65,102475
2024-07-15 09:30:00,98.15,98.4,97.91,98.21,103860
2024-07-16 09:30:00,97.47,97.94,96.51,97.89,208149
2024-07-17 09:30:00,97.28,98.13,96.96,97.85,113626
2024-07-18 09:30:00,96.13,97.55,96.13,97.55,75996
2024-07-19 09:30:00,96.89,97.02,96.07,96.34,257348
2024-07-22 09:30:00,96.7,96.96,95.66,95.66,67695
2024-07-23 09:30:00,97.19,97.47,96.82,97.28,148398
2024-07-24 09:30:00,88.6,91.63,88.31,91.02,939495
2024-07-25 09:30:00,89.58,90.61,88.9,90.34,285145
2024-07-26 09:30:00,91.93,92.04,90.62,90.62,185243
2024-07-29 09:30:00,91.45,92.02,90.97,91.31,71995
2024-07-30 09:30:00,91.53,92.41,91.05,92.26,85574
2024-07-31 09:30:00,92.62,92.9,92.21,92.42,140203
2024-08-01 09:30:00,92.52,92.94,92.34,92.47,71883
2024-08-02 09:30:00,91.65,92.13,90.66,91.89,438031
2024-08-05 09:30:00,90.89,92.02,90.6,91.51,544845
2024-08-06 09:30:00,91.79,92.8,91.31,92.72,140582
2024-08-07 09:30:00,92.23,93.19,91.88,93.14,96264
2024-08-08 09:30:00,91.22,91.32,90.8,91.19,133420
2024-08-09 09:30:00,90.59,90.98,89.98,90.48,80914
2024-08-12 09:30:00,91.48,91.51,90.29,90.41,82714
2024-08-13 09:30:00,90.71,91.41,90.49,90.53,77207
2024-08-14 09:30:00,90.41,91.14,90.41,90.5,128956
2024-08-15 09:30:00,91.06,91.5,90.21,90.26,406830
2024-08-16 09:30:00,90.87,91.53,90.75,91.43,157282
2024-08-19 09:30:00,90.65,90.97,90.47,90.52,93376
2024-08-20 09:30:00,91.1,91.39,90.68,90.68,89175
2024-08-21 09:30:00,91.57,92.1,91.32,91.6,53139
2024-08-22 09:30:00,92.52,92.68,91.84,92.12,53702
2024-08-23 09:30:00,92.58,92.58,92.16,92.28,48081
2024-08-26 09:30:00,92.94,93.13,92.74,92.91,25695
2024-08-27 09:30:00,91.85,92.16,91.44,91.88,93071
2024-08-28 09:30:00,91.65,91.93,91.36,91.8,31229
2024-08-29 09:30:00,92.42,92.47,91.68,91.92,104535
2024-08-30 09:30:00,92.47,92.86,92.46,92.76,74480
2024-09-03 09:30:00,92.4,93.08,91.74,92.51,136646
2024-09-04 09:30:00,93.35,94.07,93.18,93.74,112986
2024-09-05 09:30:00,92.57,92.77,91.41,91.44,39850
2024-09-06 09:30:00,90.73,91.73,90.73,91.38,112364
2024-09-09 09:30:00,90.56,90.98,89.82,89.93,148860
2024-09-10 09:30:00,90.53,90.94,90.16,90.61,87080
2024-09-11 09:30:00,90.56,90.74,89.39,89.61,60187
2024-09-12 09:30:00,90.95,91.24,90.08,90.08,92078
2024-09-13 09:30:00,91.5,92.35,91.17,92.25,90012
2024-09-16 09:30:00,93.09,93.87,92.68,93.53,113846
2024-09-17 09:30:00,93.25,93.82,93.25,93.37,129339
2024-09-18 09:30:00,94.88,94.88,92.67,93.09,231815
2024-09-19 09:30:00,93.58,94.78,92.84,93.23,269963
2024-09-20 09:30:00,94.15,94.55,93.49,93.5,342144
2024-09-23 09:30:00,93.96,94.48,93.68,94.1,82529
2024-09-24 09:30:00,96.07,98.08,96.07,97.22,541942
2024-09-25 09:30:00,97.43,98.02,96.91,97.82,155063
2024-09-26 09:30:00,99.79,101.5,99.56,100.62,527509
2024-09-27 09:30:00,102.25,102.58,101.89,102.07,141911
2024-09-30 09:30:00,102.68,102.93,101.97,102.53,188753
2024-10-01 09:30:00,102.34,102.34,100.29,101.15,232960
2024-10-02 09:30:00,101.75,102.2,101.02,101.57,136275
2024-10-03 09:30:00,102.87,102.87,102.16,102.85,200262
2024-10-04 09:30:00,103.37,103.39,102.29,102.66,116018
2024-10-07 09:30:00,102.34,103.07,101.96,102.81,94234
2024-10-08 09:30:00,100.95,102.15,98.87,99.75,368414
2024-10-09 09:30:00,99.42,100.55,99.18,100.41,155262
2024-10-10 09:30:00,100.76,100.83,99.97,100.57,88964
2024-10-11 09:30:00,101.52,102.55,101.52,102.0,90453
2024-10-14 09:30:00,102.05,102.99,101.61,102.86,133249
2024-10-15 09:30:00,104.01,104.22,103.22,103.28,122663
2024-10-16 09:30:00,102.41,103.46,102.25,103.41,162868
2024-10-17 09:30:00,103.79,104.54,103.71,103.98,105711
2024-10-18 09:30:00,104.07,104.07,103.54,103.67,171851
2024-10-21 09:30:00,103.77,104.46,103.53,104.03,76259
2024-10-22 09:30:00,103.44,103.44,102.1,102.64,116752
2024-10-23 09:30:00,101.05,101.61,100.53,101.24,99592
2024-10-24 09:30:00,100.8,100.85,100.11,100.49,114721
2024-10-25 09:30:00,101.26,101.28,100.37,100.67,71204
2024-10-28 09:30:00,100.31,100.78,100.07,100.32,75062
2024-10-29 09:30:00,99.16,99.6,98.94,99.0,116915
2024-10-30 09:30:00,95.52,98.03,94.53,97.13,562585
2024-10-31 09:30:00,95.66,97.23,95.64,97.23,168818
2024-11-01 09:30:00,96.84,98.55,96.78,97.61,364666
2024-11-04 09:30:00,98.07,98.63,97.77,98.22,123645
2024-11-05 09:30:00,97.76,98.26,97.61,98.07,64256
2024-11-06 09:30:00,100.89,100.89,97.05,97.73,369167
2024-11-07 09:30:00,99.4,100.22,99.19,99.99,123091
2024-11-08 09:30:00,98.71,99.51,98.41,99.4,151373
2024-11-11 09:30:00,98.77,99.97,98.77,99.71,86111
2024-11-12 09:30:00,99.79,100.01,99.3,99.45,101973
2024-11-13 09:30:00,97.87,98.62,97.67,98.62,85898
2024-11-14 09:30:00,98.56,99.09,98.37,98.78,94645
2024-11-15 09:30:00,98.07,98.92,97.96,98.43,197964
2024-11-18 09:30:00,97.41,98.56,97.41,98.28,83201
2024-11-19 09:30:00,98.9,99.42,98.48,99.19,137733
2024-11-20 09:30:00,99.17,99.42,97.95,98.12,90075
2024-11-21 09:30:00,98.58,98.58,97.86,98.38,95614
2024-11-22 09:30:00,98.64,99.57,98.61,99.28,149516
2024-11-25 09:30:00,100.42,101.34,100.38,101.22,90546
2024-11-26 09:30:00,100.87,101.1,100.47,100.56,77642
2024-11-27 09:30:00,100.76,101.67,100.39,101.3,58775
2024-11-29 09:30:00,100.96,101.87,100.65,101.11,165402
2024-12-02 09:30:00,101.67,101.89,100.27,100.41,81267
2024-12-03 09:30:00,100.65,100.8,100.04,100.07,61993
2024-12-04 09:30:00,99.71,99.71,99.03,99.51,67385
2024-12-05 09:30:00,98.46,99.28,97.72,98.04,193393
2024-12-06 09:30:00,98.54,99.14,98.12,98.67,53220
2024-12-09 09:30:00,99.21,99.73,98.98,99.62,112835
2024-12-10 09:30:00,98.73,98.93,97.56,98.57,136435
2024-12-11 09:30:00,98.86,99.52,98.86,99.08,77770
2024-12-12 09:30:00,96.84,96.89,96.12,96.52,149370
2024-12-13 09:30:00,96.81,97.25,96.48,96.71,76122
2024-12-16 09:30:00,96.75,96.82,95.91,95.91,65263
2024-12-17 09:30:00,94.71,95.71,94.26,95.53,92358
2024-12-18 09:30:00,94.89,95.66,94.73,94.86,61546
2024-12-19 09:30:00,92.67,93.8,92.63,92.79,213509
2024-12-20 09:30:00,91.76,92.37,91.62,91.77,366835
2024-12-23 09:30:00,91.95,92.17,91.69,91.85,67906
2024-12-24 09:30:00,92.13,92.33,91.68,92.27,26349
2024-12-26 09:30:00,92.32,92.75,92.23,92.61,39152
2024-12-27 09:30:00,92.45,93.15,92.26,93.07,25571
2024-12-30 09:30:00,91.7,91.84,90.76,90.97,74774
2024-12-31 09:30:00,91.6,91.95,91.51,91.75,40294
2025-01-02 09:30:00,92.18,92.46,91.76,92.23,107175
2025-01-03 09:30:00,91.07,91.57,90.98,91.03,116197
2025-01-06 09:30:00,91.67,92.04,91.38,92.01,131062
2025-01-07 09:30:00,90.88,91.98,90.82,91.9,92305
2025-01-08 09:30:00,90.31,90.41,89.2,89.28,197711
2025-01-10 09:30:00,89.48,89.9,89.35,89.82,192809
2025-01-13 09:30:00,89.31,89.33,88.96,89.2,122445
2025-01-14 09:30:00,90.43,90.56,89.83,89.87,80490
2025-01-15 09:30:00,91.5,92.19,91.4,91.62,169376
2025-01-16 09:30:00,91.52,91.66,91.06,91.1,46592
2025-01-17 09:30:00,92.77,93.42,92.45,93.18,348167
2025-01-21 09:30:00,93.55,94.19,93.39,93.82,197680
2025-01-22 09:30:00,93.96,94.71,93.05,94.47,138528
2025-01-23 09:30:00,94.26,94.46,94.04,94.38,84936
2025-01-24 09:30:00,94.95,95.24,94.8,95.24,85735
2025-01-27 09:30:00,95.57,96.36,94.75,96.19,144440
2025-01-28 09:30:00,95.95,96.34,95.59,95.83,131195
2025-01-29 09:30:00,91.79,95.62,90.74,93.87,818362
2025-01-30 09:30:00,95.67,95.74,93.96,94.06,142668
2025-01-31 09:30:00,93.61,93.99,93.46,93.98,71268
2025-02-03 09:30:00,92.77,93.01,91.67,91.69,134510
2025-02-04 09:30:00,93.7,93.8,92.68,92.91,148765
2025-02-05 09:30:00,92.86,93.25,92.66,92.82,86065
2025-02-06 09:30:00,93.76,94.09,93.65,94.02,171996
2025-02-07 09:30:00,95.12,95.14,94.52,94.83,192488
2025-02-10 09:30:00,94.43,94.81,93.97,94.31,131975
2025-02-11 09:30:00,94.59,95.01,94.39,94.86,203043
2025-02-12 09:30:00,94.62,94.97,94.26,94.75,189816
2025-02-13 09:30:00,96.0,96.2,95.85,95.9,110803
2025-02-14 09:30:00,97.09,97.17,96.47,96.7,103955
2025-02-18 09:30:00,96.06,96.55,95.81,96.24,103374
2025-02-19 09:30:00,96.34,96.67,96.11,96.57,100448
2025-02-20 09:30:00,97.31,97.77,96.97,97.73,88539
2025-02-21 09:30:00,97.91,98.32,97.05,97.24,216589
2025-02-24 09:30:00,97.49,98.42,97.29,98.18,177803
2025-02-25 09:30:00,98.23,99.7,97.86,99.5,195304
2025-02-26 09:30:00,99.35,99.35,97.56,97.6,232633
2025-02-27 09:30:00,97.55,98.61,97.55,98.45,93617
2025-02-28 09:30:00,97.7,98.91,97.56,98.75,256552
2025-03-03 09:30:00,99.3,100.06,99.3,99.76,130501
2025-03-04 09:30:00,99.11,101.03,98.8,99.77,399175
2025-03-05 09:30:00,99.05,100.54,99.05,99.89,116947
2025-03-06 09:30:00,100.09,100.75,99.2,100.25,149880
2025-03-07 09:30:00,101.1,103.01,100.72,102.92,179921
2025-03-10 09:30:00,103.33,105.05,103.11,105.02,257001
2025-03-11 09:30:00,102.64,102.93,101.07,101.3,178647
2025-03-12 09:30:00,99.98,100.56,98.57,98.74,222423
2025-03-13 09:30:00,98.76,99.35,98.45,98.88,84657
2025-03-14 09:30:00,99.51,100.03,98.77,99.96,94872
2025-03-17 09:30:00,99.23,100.09,98.81,99.72,143013
2025-03-18 09:30:00,100.35,100.79,100.0,100.27,95031
2025-03-19 09:30:00,100.76,101.3,100.42,100.74,80965
2025-03-20 09:30:00,100.94,101.29,100.18,101.1,115552
2025-03-21 09:30:00,100.58,101.4,99.99,99.99,514314
2025-03-24 09:30:00,100.66,101.26,100.45,100.8,181230
2025-03-25 09:30:00,100.69,100.76,99.96,100.0,56357
2025-03-26 09:30:00,100.45,101.24,100.29,101.17,74251
2025-03-27 09:30:00,102.01,102.01,100.99,101.86,93849
2025-03-28 09:30:00,102.36,102.4,101.67,101.67,51657
2025-03-31 09:30:00,100.75,101.31,100.05,100.93,140493
2025-04-01 09:30:00,102.42,103.07,102.03,102.57,104979
2025-04-02 09:30:00,102.23,102.68,101.76,102.05,174386
2025-04-03 09:30:00,102.71,105.0,102.29,104.05,510795
2025-04-04 09:30:00,101.54,101.97,99.49,99.84,479075
2025-04-07 09:30:00,92.5,92.5,90.53,91.99,419547
2025-04-08 09:30:00,92.45,93.42,91.57,93.2,269393
2025-04-09 09:30:00,89.69,90.98,89.45,90.27,158645
2025-04-10 09:30:00,92.97,94.24,91.57,93.39,280984
2025-04-11 09:30:00,93.32,95.02,92.58,94.76,240162
2025-04-14 09:30:00,96.56,97.62,96.13,97.42,95796
2025-04-15 09:30:00,97.98,98.7,97.59,98.28,119438
2025-04-16 09:30:00,98.03,98.5,97.56,97.69,83860
2025-04-17 09:30:00,96.39,97.14,96.18,97.0,151200
2025-04-21 09:30:00,97.07,97.49,96.22,97.07,70326
2025-04-22 09:30:00,97.02,97.6,96.53,97.25,161365
2025-04-23 09:30:00,95.08,96.5,89.76,91.69,871065
2025-04-24 09:30:00,91.79,92.63,91.47,91.89,302796
2025-04-25 09:30:00,92.47,92.86,91.6,91.6,246501
2025-04-28 09:30:00,92.09,92.74,91.84,92.3,223075
2025-04-29 09:30:00,92.32,93.92,92.29,93.55,196424
2025-04-30 09:30:00,94.49,94.79,93.45,93.63,336491
2025-05-01 09:30:00,94.93,95.53,94.81,94.93,114784
2025-05-02 09:30:00,96.25,96.35,95.81,96.22,251027
2025-05-05 09:30:00,96.53,96.53,95.46,95.81,124398
2025-05-06 09:30:00,95.99,96.16,95.15,95.73,104360
2025-05-07 09:30:00,95.7,96.29,95.45,96.19,260593
2025-05-08 09:30:00,97.17,97.36,96.42,96.47,193853
2025-05-09 09:30:00,96.64,96.97,96.22,96.44,107449
2025-05-12 09:30:00,97.7,97.7,96.55,97.49,231092
2025-05-13 09:30:00,96.98,96.98,95.94,96.4,251766
2025-05-14 09:30:00,96.01,96.46,95.57,96.04,223932
2025-05-15 09:30:00,95.61,96.27,95.42,96.11,672579
2025-05-16 09:30:00,97.38,97.52,96.96,97.31,244591
2025-05-19 09:30:00,97.98,98.3,97.47,97.86,203522
2025-05-20 09:30:00,98.11,98.49,97.96,98.31,85436
2025-05-21 09:30:00,97.14,97.94,96.54,97.92,89042
2025-05-22 09:30:00,96.76,97.27,96.6,96.62,69565
2025-05-23 09:30:00,96.3,96.6,95.81,95.86,136318
2025-05-27 09:30:00,96.38,96.68,95.86,96.1,158107
2025-05-28 09:30:00,96.58,96.71,96.06,96.6,146612
2025-05-29 09:30:00,95.24,95.24,94.56,94.81,60837
2025-05-30 09:30:00,94.55,94.95,94.32,94.62,135299
2025-06-02 09:30:00,94.31,94.94,93.39,93.47,132232
2025-06-03 09:30:00,93.56,94.18,93.56,93.62,94899
2025-06-04 09:30:00,94.87,95.18,94.51,95.06,94894
2025-06-05 09:30:00,95.11,95.3,94.46,94.53,89572
2025-06-06 09:30:00,95.07,95.72,95.07,95.63,93689
2025-06-09 09:30:00,95.79,95.98,94.37,94.41,84066
2025-06-10 09:30:00,95.29,95.29,94.62,94.91,131633
2025-06-11 09:30:00,95.38,95.38,94.33,95.1,125668
2025-06-12 09:30:00,94.83,95.42,94.45,95.25,184352
2025-06-13 09:30:00,95.76,96.53,95.72,95.8,110125
2025-06-16 09:30:00,96.12,97.1,95.85,96.33,177734
2025-06-17 09:30:00,95.28,95.71,94.98,95.46,129471
2025-06-18 09:30:00,95.08,95.44,94.55,95.08,95772
2025-06-20 09:30:00,95.57,96.12,95.18,95.7,369310
2025-06-23 09:30:00,94.06,94.55,93.42,94.29,173220
2025-06-24 09:30:00,95.7,96.18,95.17,95.25,116185
2025-06-25 09:30:00,96.9,96.96,96.04,96.66,91865
2025-06-26 09:30:00,96.54,96.85,96.33,96.54,114915
2025-06-27 09:30:00,97.27,97.49,96.56,97.21,118662
2025-06-30 09:30:00,96.72,97.51,96.46,97.41,168138
2025-07-01 09:30:00,98.66,99.02,98.0,98.97,119321
2025-07-02 09:30:00,99.75,100.01,99.05,99.17,74227
2025-07-03 09:30:00,99.22,99.53,98.65,99.26,72759
2025-07-07 09:30:00,99.35,99.42,98.97,99.38,131585
2025-07-08 09:30:00,99.52,100.21,99.1,99.82,186839
2025-07-09 09:30:00,99.68,99.68,98.69,98.75,101959
2025-07-10 09:30:00,98.87,99.27,98.49,99.17,200859
2025-07-11 09:30:00,98.74,99.05,98.5,98.88,78100
2025-07-14 09:30:00,98.57,98.65,98.3,98.38,60976
2025-07-15 09:30:00,100.76,100.94,99.68,100.07,107673
2025-07-16 09:30:00,98.85,99.34,98.53,98.78,126928
2025-07-17 09:30:00,99.93,100.4,99.72,100.24,67825
2025-07-18 09:30:00,100.49,100.49,99.66,99.66,279938
2025-07-21 09:30:00,99.13,99.29,98.39,98.57,128121
2025-07-22 09:30:00,97.93,99.52,97.87,99.29,251014
2025-07-23 09:30:00,88.57,90.86,85.59,90.72,3060303
2025-07-24 09:30:00,88.25,88.9,87.58,87.84,477995
2025-07-25 09:30:00,89.76,90.0,89.07,89.37,355755
2025-07-28 09:30:00,89.03,89.29,88.61,88.67,223822
2025-07-29 09:30:00,87.72,87.82,87.27,87.43,208878
2025-07-30 09:30:00,86.58,87.04,86.05,86.6,271994
2025-07-31 09:30:00,85.54,86.18,85.44,86.03,223268
2025-08-01 09:30:00,85.59,85.59,84.82,84.85,192306
2025-08-04 09:30:00,84.69,84.96,84.33,84.66,147894
2025-08-05 09:30:00,85.27,85.73,84.73,85.01,253188
2025-08-06 09:30:00,86.07,86.58,85.3,85.6,163005
2025-08-07 09:30:00,87.03,87.9,86.71,87.84,472992
2025-08-08 09:30:00,86.82,87.16,86.62,86.77,102091
2025-08-11 09:30:00,87.05,87.3,86.36,86.45,156503
2025-08-12 09:30:00,86.09,86.17,85.68,86.09,201301
2025-08-13 09:30:00,87.68,88.19,87.42,88.09,177193
2025-08-14 09:30:00,88.15,88.33,87.61,87.68,158411
2025-08-15 09:30:00,87.42,87.86,87.16,87.81,248886
2025-08-18 09:30:00,87.79,88.05,87.7,87.92,113841
2025-08-19 09:30:00,88.1,88.38,87.73,88.14,370884
2025-08-20 09:30:00,89.36,90.17,88.53,89.75,479441
2025-08-21 09:30:00,89.11,89.19,88.32,88.63,124944
2025-08-22 09:30:00,88.0,88.63,88.0,88.2,127481
2025-08-25 09:30:00,88.58,88.69,88.0,88.02,96970
2025-08-26 09:30:00,87.07,87.38,86.69,87.295,129176
2025-08-27 09:30:00,87.35,87.8478,87.29,87.83,110655
2025-08-28 09:30:00,87.92,88.03,87.02,87.3479,122388
2025-08-29 09:30:00,86.35,86.94,86.205,86.7575,180802
2025-09-02 09:30:00,86.0,86.21,85.3,85.66,154625
2025-09-03 09:30:00,85.47,85.97,85.32,85.47,86534
2025-09-04 09:30:00,85.5,85.895,85.17,85.805,116095
2025-09-05 09:30:00,87.19,87.7481,86.94,87.475,209091
2025-09-08 09:30:00,86.91,86.92,86.34,86.51,128631
2025-09-09 09:30:00,87.08,87.32,86.935,86.99,173704
2025-09-10 09:30:00,87.66,88.285,87.6,88.065,141268
2025-09-11 09:30:00,87.95,88.87,87.795,88.82,128292
2025-09-12 09:30:00,89.1,89.42,88.96,89.335,153871
2025-09-15 09:30:00,89.42,89.53,89.13,89.355,169932
2025-09-16 09:30:00,89.55,89.83,89.45,89.67,235947
2025-09-17 09:30:00,89.68,91.25,89.0,91.175,228950
2025-09-18 09:30:00,89.91,91.2,89.725,91.19,213801
2025-09-19 09:30:00,90.5,90.78,89.73,89.755,381269
2025-09-22 09:30:00,89.41,89.41,88.62,88.91,100419
2025-09-23 09:30:00,89.47,90.03,89.34,90.025,115264
2025-09-24 09:30:00,88.84,89.25,88.61,89.02,151020
2025-09-25 09:30:00,88.8,89.57,88.6,89.17,175122
2025-09-26 09:30:00,89.85,90.23,89.64,90.01,112491
2025-09-29 09:30:00,90.83,91.33,90.74,91.22,135791
2025-09-30 09:30:00,91.63,91.63,91.1,91.235,168700
2025-10-01 09:30:00,91.15,91.74,90.77,91.67,224341
2025-10-02 09:30:00,92.62,93.13,92.455,93.03,143567
2025-10-03 09:30:00,92.12,92.23,91.45,91.665,118205
2025-10-06 09:30:00,91.51,91.765,90.85,90.91,167911
2025-10-07 09:30:00,91.02,91.3654,90.49,90.49,81777
2025-10-08 09:30:00,92.35,92.41,91.17,91.56,155423
2025-10-09 09:30:00,91.3,91.48,90.43,90.495,81867
2025-10-10 09:30:00,90.15,90.42,89.7,90.1076,103775
2025-10-13 09:30:00,89.24,90.07,89.03,89.765,109512
2025-10-14 09:30:00,89.08,90.55,88.7001,90.445,167145
2025-10-15 09:30:00,90.98,91.905,90.54,91.75,152597
2025-10-16 09:30:00,91.64,91.64,90.97,91.21,60090
2025-10-17 09:30:00,90.85,91.37,90.71,90.92,157240
2025-10-20 09:30:00,91.4,91.68,91.05,91.32,119569
